date,brent_close,wti_close,djt_close,brent_pct_change,wti_pct_change,djt_pct_change,post_count,oil_post_count,dominant_direction,escalation_count,deescalation_count,direction_balance,brent_wti_spread,brent_volatility_5d,oscillation_score,fabrication_score,causality_score,intent_score,beneficiary_score,manipulation_score,verdict
2025-01-02,76.14,73.79,34.02000045776367,,,,8,3,escalation,3,1,2,2.3499999999999943,,10,0.0,20,0.0,0,7.0,LOW
2025-01-03,76.72,74.64,34.619998931884766,0.7617546624638871,1.1519176040113654,1.7636639213629568,31,5,escalation,2,1,1,2.0799999999999983,,10,0.0,20,0.0,18,9.7,LOW
2025-01-06,77.27,74.31,36.16999816894531,0.7168925964546435,-0.4421221864951752,4.477178754713962,8,3,escalation,2,0,2,2.9599999999999937,,10,0.0,20,0.0,46,13.9,LOW
2025-01-07,77.84,74.99,35.220001220703125,0.7376730943445153,0.91508545283272,-2.6264777338524503,14,4,de_escalation,0,2,-2,2.8500000000000085,0.4049541866369443,30,0.0,20,0.0,27,15.0,LOW
2025-01-08,77.37,73.99,34.540000915527344,-0.6038026721479905,-1.3335111348179771,-1.93072198071379,20,2,neutral,0,0,0,3.3800000000000097,0.5652244494630997,0,0.0,40,0.0,20,13.0,LOW
2025-01-09,78.44,,,1.3829649735039418,0.0,0.0,9,2,neutral,1,1,0,,0.7644210595633215,0,0.0,40,0.0,0,10.0,LOW
2025-01-10,79.76,77.27,35.310001373291016,1.682814890362061,4.43303149074199,2.229300629281461,3,1,escalation,1,0,1,2.490000000000009,0.8802372831953038,10,0.0,60,0.0,23,20.4,LOW
2025-01-13,82.69,79.57,42.90999984741211,3.67352056168504,2.9765756438462576,21.5236425333867,10,0,neutral,0,0,0,3.1200000000000045,1.5129092293590611,0,0.0,0,0.0,0,0.0,LOW
2025-01-14,82.39,78.2,39.349998474121094,-0.3628008223485301,-1.7217544300615728,-8.296437627476983,10,2,de_escalation,1,3,-2,4.189999999999998,1.69345549760276,30,0.0,40,0.0,85,28.8,LOW
2025-01-15,83.48,80.73,40.83000183105469,1.3229760893312292,3.2352941176470695,3.7611268470745474,9,4,de_escalation,1,2,-1,2.75,1.6645131480585496,10,0.0,40,0.0,38,17.7,LOW
2025-01-16,82.39,79.35,41.0,-1.305701964542405,-1.7094017094017255,0.4163560159725854,16,6,de_escalation,0,2,-2,3.0400000000000063,1.9278480538569691,10,0.0,40,0.0,4,12.6,LOW
2025-01-17,83.02,78.56,40.029998779296875,0.7646559048428259,-0.9955891619407576,-2.365856635861286,12,5,escalation,4,1,3,4.459999999999994,1.8918405940707297,30,0.0,40,0.0,24,19.6,LOW
2025-01-20,81.68,,,-1.61406889906045,0.0,0.0,12,3,de_escalation,0,1,-1,,0.9957246841924804,50,0.0,40,0.0,0,20.0,LOW
2025-01-21,80.57,76.79,35.59000015258789,-1.3589618021547678,-2.253054989816694,-11.091678146653628,7,0,escalation,2,0,2,3.779999999999987,1.0076346554171292,0,0.0,0,0.0,0,0.0,LOW
2025-01-22,80.0,76.12,33.61000061035156,-0.7074593521161687,-0.8725094413335133,-5.563359184454386,10,2,escalation,1,0,1,3.879999999999995,0.7488813188670685,30,0.0,40,0.0,57,24.5,LOW
2025-01-23,78.62,75.03,33.54999923706055,-1.7249999999999988,-1.431949553336842,-0.1785223808432046,4,1,escalation,1,0,1,3.5900000000000034,0.7218474184676533,10,0.0,40,0.0,2,12.3,LOW
2025-01-24,78.71,74.97,32.709999084472656,0.114474688374444,-0.0799680127948843,-2.5037262941573935,11,0,neutral,0,0,0,3.739999999999995,0.7652213832223504,0,0.0,0,0.0,0,0.0,LOW
2025-01-27,77.3,73.51,29.53499984741211,-1.7913861008766352,-1.947445644924628,-9.706509709343614,6,1,neutral,0,0,0,3.789999999999992,0.9852909931829638,0,0.0,40,0.0,99,24.8,LOW
2025-01-28,78.01,74.15,30.040000915527344,0.9184993531694774,0.8706298462794138,1.709839413320613,11,1,neutral,0,0,0,3.859999999999999,0.993827438255368,0,0.0,40,0.0,17,12.6,LOW
2025-01-29,77.02,72.94,32.06999969482422,-1.2690680681963995,-1.6318273769386438,6.757652188511054,11,1,neutral,0,0,0,4.079999999999998,1.0892250570047488,0,0.0,40,0.0,69,20.4,LOW
2025-01-30,77.42,73.1,31.600000381469727,0.5193456245131234,0.2193583767480023,-1.46554199509501,8,1,neutral,0,0,0,4.320000000000007,1.162581905287372,0,0.0,20,0.0,15,7.2,LOW
2025-01-31,77.11,72.84,31.86000061035156,-0.4004133298889156,-0.3556771545827564,0.8227855245036553,11,1,de_escalation,0,1,-1,4.269999999999996,1.148342901100913,10,0.0,20,0.0,8,8.2,LOW
2025-02-03,76.49,73.52,30.81999969482422,-0.8040461678122224,0.9335529928610642,-3.2642840414429775,12,6,neutral,2,2,0,2.969999999999999,0.4956472406309342,0,0.0,20,0.0,33,10.0,LOW
2025-02-04,76.58,73.04,30.6200008392334,0.1176624395345937,-0.6528835690968293,-0.6489255599324562,5,0,neutral,0,0,0,3.539999999999992,0.3822433633418597,0,0.0,0,0.0,0,0.0,LOW
2025-02-05,74.71,71.39,30.350000381469727,-2.4418908331157008,-2.259036144578319,-0.8817780874052716,12,3,escalation,2,1,1,3.319999999999993,1.0800399511375858,10,0.0,60,0.0,9,18.4,LOW
2025-02-06,74.54,70.97,32.380001068115234,-0.2275465131842957,-0.5883176915534416,6.688634797793713,14,0,de_escalation,0,1,-1,3.5700000000000074,1.0515032012851535,0,0.0,0,0.0,0,0.0,LOW
2025-02-07,74.68,71.32,31.190000534057617,0.1878186208746912,0.4931661265323406,-3.6751096195281385,12,1,de_escalation,0,2,-2,3.3600000000000136,1.0843167054856804,30,0.0,60,0.0,37,26.6,LOW
2025-02-10,76.23,72.73,31.209999084472656,2.075522228173532,1.9770050476724863,0.0641184676903217,9,2,escalation,1,0,1,3.5,0.9441866942063012,75,0.0,60,0.0,1,30.2,LOW
2025-02-11,77.65,73.67,30.34000015258789,1.8627836809655072,1.2924515330674955,-2.7875647465738007,17,5,escalation,3,1,2,3.980000000000004,1.0497679110909337,10,0.0,60,0.0,28,21.2,LOW
2025-02-12,75.38,71.72,30.43000030517578,-2.9233741146168835,-2.6469390525315606,0.2966386029507495,8,3,de_escalation,0,2,-2,3.6599999999999966,2.007352389730032,75,0.0,60,0.0,3,30.4,LOW
2025-02-13,75.61,71.66,30.670000076293945,0.3051207216768326,-0.0836586726157273,0.7886946063465627,15,5,neutral,0,0,0,3.950000000000003,2.0042743513188137,0,0.0,20,0.0,8,6.2,LOW
2025-02-14,75.19,71.05,30.38999938964844,-0.555482079090075,-0.851241975997763,-0.9129464817377976,6,4,neutral,0,0,0,4.140000000000001,2.037683561059746,0,0.0,20,0.0,9,6.4,LOW
2025-02-17,75.81,,,0.824577736401122,0.0,0.0,21,4,escalation,3,1,2,,0.5038954624660824,10,0.0,20,0.0,0,7.0,LOW
2025-02-18,76.46,72.21,29.229999542236328,0.8574066745811848,1.6326530612244872,-3.81704465518099,25,4,escalation,2,1,1,4.25,0.6061834475683219,10,0.0,20,0.0,39,12.8,LOW
2025-02-19,76.34,72.58,28.25,-0.1569448077425983,0.5123944052070506,-3.3527182948472567,18,4,escalation,2,1,1,3.760000000000005,0.4935983091979288,10,0.0,20,0.0,34,12.1,LOW
2025-02-20,76.95,72.88,27.84000015258789,0.7990568509300466,0.4133370074400622,-1.451326893494187,13,5,escalation,2,1,1,4.070000000000007,0.4994780543285859,10,0.0,60,0.0,15,19.2,LOW
2025-02-21,74.88,70.72,26.989999771118164,-2.690058479532176,-2.9637760702524663,-3.0531622730279095,5,1,de_escalation,0,1,-1,4.159999999999997,1.523796833175428,75,0.0,60,0.0,31,34.6,LOW
2025-02-24,74.89,71.06,25.729999542236328,0.0133547008547063,0.480769230769229,-4.668396589725631,20,4,de_escalation,0,4,-4,3.8299999999999983,1.3388402840985414,10,0.0,60,0.0,48,24.2,LOW
2025-02-25,73.11,69.15,23.809999465942383,-2.3768193350247047,-2.6878694061356567,-7.462106919754219,11,3,escalation,3,0,3,3.9599999999999937,1.394475165657382,75,0.0,60,0.0,76,41.4,LOW
2025-02-26,73.49,68.87,24.520000457763672,0.5197647380659198,-0.4049168474331233,2.981944593643804,24,5,de_escalation,0,4,-4,4.61999999999999,1.1445258866600714,30,0.0,60,0.0,30,25.5,LOW
2025-02-27,75.01,70.62,23.799999237060547,2.0683086134168027,2.5410193117467728,-2.9363833901363323,8,2,escalation,2,0,2,4.390000000000001,1.5958864768111245,75,0.0,60,0.0,30,34.5,LOW
2025-02-28,74.76,69.97,24.100000381469727,-0.3332888948140211,-0.9204191447182208,1.2605090505298344,4,2,de_escalation,0,2,-2,4.790000000000006,1.605165381967157,30,0.0,60,0.0,13,23.0,LOW
2025-03-03,72.85,68.63,23.219999313354492,-2.554842161583748,-1.915106474203232,-3.651456656373575,7,3,neutral,0,0,0,4.219999999999999,1.6417809469249656,0,0.0,60,0.0,37,20.6,LOW
2025-03-04,72.31,68.47,22.270000457763672,-0.7412491420727418,-0.233134197872642,-4.091295795363992,7,4,neutral,0,0,0,3.8400000000000034,1.066919645946436,0,0.0,40,0.0,42,16.3,LOW
2025-03-05,70.92,66.58,22.700000762939453,-1.9222790761996955,-2.760332992551484,1.9308500060038147,9,4,escalation,1,0,1,4.340000000000003,1.1538574136079995,10,0.0,40,0.0,20,15.0,LOW
2025-03-06,71.08,66.62,21.979999542236328,0.2256063169768785,0.0600781015319906,-3.171811438344163,4,2,de_escalation,0,2,-2,4.459999999999994,1.2080133712803742,30,0.0,40,0.0,32,20.8,LOW
2025-03-07,72.49,67.29,22.5,1.9836803601575692,1.0057039927949596,2.3657892110709566,22,7,de_escalation,1,3,-2,5.199999999999989,1.79908272763944,10,0.0,40,0.0,24,15.6,LOW
2025-03-10,71.08,66.31,19.920000076293945,-1.9450958752931349,-1.4563828206271443,-11.466666327582464,128,25,de_escalation,0,4,-4,4.769999999999996,1.3924191708732672,10,0.0,40,0.0,100,27.0,LOW
2025-03-11,71.51,66.52,19.56999969482422,0.6049521665728808,0.3166943145830103,-1.7570300207290113,16,9,escalation,5,1,4,4.990000000000009,1.414348345957407,30,0.0,40,0.0,18,18.7,LOW
2025-03-12,72.36,67.65,20.06999969482422,1.188644944762962,1.698737221888158,2.5549310567043015,20,3,escalation,2,1,1,4.709999999999994,1.1787335913532382,10,0.0,60,0.0,26,20.9,LOW
2025-03-13,70.82,66.82,19.170000076293945,-2.1282476506357173,-1.2269031781227069,-4.484303100225617,8,3,neutral,0,0,0,4.0,1.5043463042215914,0,0.0,60,0.0,46,21.9,LOW
2025-03-14,71.94,67.43,20.209999084472656,1.581474159841867,0.9129003292427608,5.425138257901185,16,5,escalation,3,1,2,4.509999999999991,1.767429181393633,10,0.0,40,0.0,55,20.2,LOW
2025-03-17,71.93,67.84,20.559999465942383,-0.0139004726160574,0.6080379652973367,1.7318178986887256,29,8,escalation,2,1,1,4.090000000000003,1.3198314992048967,10,0.0,20,0.0,18,9.7,LOW
2025-03-18,71.93,67.49,20.09000015258789,0.0,-0.5159198113207641,-2.285988937563177,15,5,de_escalation,0,1,-1,4.440000000000012,0.7088364212584488,30,0.0,20,0.0,23,14.4,LOW
2025-03-19,71.94,67.4,20.59000015258789,0.0139024051160729,-0.1333530893465551,2.4888003793050784,20,5,de_escalation,1,3,-2,4.539999999999992,0.0098298017046388,10,0.0,20,0.0,25,10.8,LOW
2025-03-20,72.61,68.55,20.030000686645508,0.9313316652766136,1.7062314540059242,-2.719764263197433,17,5,de_escalation,0,2,-2,4.060000000000002,0.4166199457192235,10,0.0,20,0.0,28,11.2,LOW
2025-03-21,72.64,68.52,20.25,0.0413166230546879,-0.0437636761488002,1.0983490055552991,11,3,escalation,3,0,3,4.1200000000000045,0.4123901501242082,30,0.0,40,0.0,11,17.6,LOW
2025-03-24,73.96,69.46,21.010000228881836,1.8171806167400772,1.371862230005827,3.7530875500337624,24,6,de_escalation,1,3,-2,4.5,0.8084865589527513,50,0.0,40,0.0,38,25.7,LOW
2025-03-25,73.78,69.48,22.8700008392334,-0.2433747971876565,0.0287935502447655,8.8529299861438,11,2,escalation,1,0,1,4.299999999999997,0.8428166538725947,30,0.0,40,0.0,90,29.5,LOW
2025-03-26,74.6,70.05,20.940000534057617,1.1114123068582282,0.8203799654576738,-8.439004085495583,15,6,de_escalation,0,4,-4,4.549999999999997,0.8880504946675388,50,0.0,40,0.0,86,32.9,LOW
2025-03-27,74.72,70.3,20.31999969482422,0.1608579088471895,0.3568879371877331,-2.960844428943566,16,6,de_escalation,0,3,-3,4.420000000000002,0.8663803305625654,10,0.0,20,0.0,30,11.5,LOW
2025-03-28,74.69,69.74,19.829999923706055,-0.0401498929336163,-0.7965860597439534,-2.411416232663499,14,3,de_escalation,1,3,-2,4.950000000000003,0.8731347231532312,10,0.0,60,0.0,25,20.8,LOW
2025-03-31,77.23,71.87,19.540000915527344,3.4007229883518564,3.0542013191855677,-1.4624256646215472,46,13,escalation,4,0,4,5.359999999999999,1.5093300550812008,75,0.0,60,0.0,15,32.2,LOW
2025-04-01,77.78,71.61,20.260000228881836,0.712158487634329,-0.3617642966467271,3.684745545648105,20,6,de_escalation,1,4,-3,6.170000000000002,1.4795497676149825,30,0.0,20,0.0,38,16.7,LOW
2025-04-02,77.27,72.12,18.760000228881836,-0.6556955515556795,0.712191034771692,-7.403751150316673,9,7,de_escalation,0,2,-2,5.1499999999999915,1.5899368154213092,10,0.0,80,0.0,75,33.2,LOW
2025-04-03,72.54,67.43,18.40999984741211,-6.12139251973598,-6.503050471436489,-1.865673652449562,9,2,neutral,0,0,0,5.109999999999999,3.4840303613606065,0,0.0,80,0.0,19,22.8,LOW
2025-04-04,68.36,62.42,17.09000015258789,-5.762338020402547,-7.429927332048059,-7.1700146972558,14,6,de_escalation,1,2,-1,5.939999999999998,4.15260996908261,10,0.0,80,0.0,73,33.0,LOW
2025-04-07,66.13,61.05,17.31999969482422,-3.2621416032767803,-2.1948093559756576,1.3458135762596912,21,7,neutral,2,2,0,5.079999999999998,2.976493956190269,0,0.0,60,0.0,14,17.1,LOW
2025-04-08,64.86,60.04,16.65999984741211,-1.9204597005897384,-1.6543816543816536,-3.8106227427321393,10,2,de_escalation,0,1,-1,4.82,2.4277527366068856,10,0.0,60,0.0,39,22.8,LOW
2025-04-09,67.3,62.63,20.270000457763672,3.7619488128276313,4.3137908061292585,21.668671329023592,13,5,neutral,1,1,0,4.669999999999995,2.64945001234665,0,0.0,60,0.0,100,30.0,LOW
2025-04-10,65.37,60.57,18.790000915527344,-2.8677563150074192,-3.289158550215554,-7.301428262521171,15,5,de_escalation,2,3,-1,4.800000000000004,2.873496495406923,10,0.0,60,0.0,74,28.1,LOW
2025-04-11,66.83,61.91,18.88999938964844,2.233440416092991,2.21231632821528,0.532189831020502,14,7,de_escalation,2,5,-3,4.920000000000002,3.1956883268520864,10,0.0,60,0.0,5,17.8,LOW
2025-04-14,67.18,61.99,18.93000030517578,0.5237168936106595,0.1292198352447204,0.2117571033340537,12,1,escalation,1,0,1,5.190000000000005,1.8360361741507791,30,0.0,20,0.0,2,11.3,LOW
2025-04-15,66.58,61.74,19.959999084472656,-0.8931229532599061,-0.4032908533634471,5.4410922487690305,7,2,de_escalation,0,1,-1,4.839999999999996,1.1581536243229988,30,0.0,60,0.0,55,29.2,LOW
2025-04-16,67.94,62.88,19.739999771118164,2.042655452087705,1.8464528668610256,-1.1022010192657472,15,2,de_escalation,0,2,-2,5.059999999999995,1.082177964151158,10,0.0,60,0.0,11,18.6,LOW
2025-04-17,69.33,65.07,22.040000915527344,2.0459228731233514,3.4828244274808906,11.651475030786674,12,3,de_escalation,0,2,-2,4.260000000000005,1.2907111629660786,10,0.0,60,0.0,100,32.0,LOW
2025-04-22,68.93,64.6,23.649999618530273,-0.5769508149430114,1.7643352236925036,5.157847306436136,3,1,neutral,0,0,0,4.3300000000000125,0.2580202483772916,0,0.0,20,0.0,53,13.0,LOW
2025-04-23,68.26,62.64,26.3799991607666,-0.9720005802988596,-3.034055727554174,11.543338631165634,4,3,escalation,2,1,1,5.6200000000000045,0.4466002927675849,10,0.0,40,0.0,100,27.0,LOW
2025-04-24,67.5,63.55,26.149999618530273,-1.113389979490187,1.4527458492975764,-0.8718709232500399,9,5,neutral,1,1,0,3.950000000000003,0.5243286894381807,0,0.0,40,0.0,9,11.4,LOW
2025-04-25,66.99,63.85,26.13999938964844,-0.7555555555555649,0.4720692368214152,-0.0382417936050205,12,5,de_escalation,0,3,-3,3.1399999999999935,0.4335190104571093,10,0.0,40,0.0,0,12.0,LOW
2025-04-28,66.13,63.3,25.829999923706055,-1.2837736975668037,-0.8613938919342257,-1.1859199433078338,22,10,de_escalation,3,5,-2,2.8299999999999983,0.6063515149208737,10,0.0,60,0.0,12,18.8,LOW
2025-04-29,64.04,61.84,24.979999542236328,-3.1604415545138154,-2.306477093206938,-3.2907486797536523,34,2,de_escalation,0,2,-2,2.200000000000003,1.3038219427134048,10,0.0,60,0.0,34,22.1,LOW
2025-04-30,63.37,59.55,24.540000915527344,-1.0462211118051346,-3.70310478654593,-1.761403662017813,6,1,neutral,0,0,0,3.82,1.2944174411364568,0,0.0,40,0.0,18,12.7,LOW
2025-05-01,62.37,60.59,24.729999542236328,-1.578033769922671,1.7464315701091635,0.7742405037514333,15,7,escalation,5,0,5,1.779999999999994,1.1433045212624713,10,0.0,40,0.0,8,13.2,LOW
2025-05-02,61.57,59.67,25.469999313354492,-1.282667949334615,-1.5184023766298127,2.9923161537238174,11,2,escalation,1,0,1,1.8999999999999984,0.8541326787114284,10,0.0,40,0.0,30,16.5,LOW
2025-05-06,62.37,60.42,23.799999237060547,1.299334091278226,3.2820512820512793,-1.8961293795605627,24,9,neutral,3,3,0,1.9499999999999955,0.9128869860161518,0,0.0,60,0.0,19,17.8,LOW
2025-05-07,60.31,59.42,24.200000762939453,-3.302869969536626,-1.655081098973854,1.6806787340397866,10,5,escalation,3,1,2,0.8900000000000006,1.717147919759022,10,0.0,60,0.0,17,19.6,LOW
2025-05-08,62.22,61.25,25.13999938964844,3.166970651633227,3.079771120834729,3.8842917234470864,26,17,de_escalation,1,16,-15,0.9699999999999988,2.3641174955124016,75,0.0,60,0.0,40,36.0,LOW
2025-05-09,64.26,62.37,24.88999938964844,3.2786885245901676,1.828571428571424,-0.9944312095048756,18,12,de_escalation,0,7,-7,1.8900000000000077,2.712481741281654,10,0.0,60,0.0,10,18.5,LOW
2025-05-12,65.28,63.32,25.649999618530273,1.5873015873015817,1.523168189834867,3.0534361089535,21,6,neutral,2,2,0,1.9600000000000009,1.6119348740697614,0,0.0,60,0.0,31,19.6,LOW
2025-05-13,66.93,65.04,26.31999969482422,2.527573529411775,2.716361339229323,2.6120861062700396,17,3,neutral,1,1,0,1.8900000000000008,1.476905214740554,0,0.0,60,0.0,27,19.0,LOW
2025-05-14,65.91,64.48,26.030000686645508,-1.5239802779023035,-0.8610086100861003,-1.1018199526641292,6,1,de_escalation,0,2,-2,1.4299999999999926,1.5722692954701527,10,0.0,60,0.0,11,18.6,LOW
2025-05-15,64.36,63.03,24.979999542236328,-2.351691700804126,-2.2487593052109234,-4.033811435694179,6,3,escalation,2,1,1,1.3299999999999983,2.046318669614591,75,0.0,60,0.0,41,36.2,LOW
2025-05-16,65.2,63.84,25.63999938964844,1.3051584835301444,1.285102332222765,2.6421131285298216,17,6,de_escalation,3,4,-1,1.3599999999999994,2.12058671847055,50,0.0,40,0.0,27,24.0,LOW
2025-05-19,66.25,63.98,25.06999969482422,1.610429447852746,0.2192982456140191,-2.2230877862436604,9,2,neutral,1,1,0,2.270000000000003,1.5623523720259789,0,0.0,40,0.0,23,13.4,LOW
2025-05-20,66.93,63.97,24.88999938964844,1.0264150943396275,-0.0156298843388524,-0.7179908550734471,6,2,neutral,0,0,0,2.960000000000008,0.7487609846555046,0,0.0,40,0.0,7,11.0,LOW
2025-05-21,65.86,62.93,24.469999313354492,-1.5986851934857382,-1.625762075973114,-1.6874250164450544,8,1,escalation,1,0,1,2.9299999999999997,1.2234429220041951,10,0.0,40,0.0,17,14.6,LOW
2025-05-22,64.87,62.55,24.579999923706055,-1.5031885818402646,-0.6038455426664591,0.449532543679032,10,1,escalation,1,0,1,2.3200000000000074,1.4507869222693617,10,0.0,40,0.0,5,12.8,LOW
2025-05-23,65.41,62.89,25.719999313354492,0.8324340989671608,0.5435651478816972,4.637914536968624,9,5,de_escalation,0,3,-3,2.519999999999996,1.5106563536159234,30,0.0,40,0.0,47,23.0,LOW
2025-05-27,64.32,61.61,23.049999237060547,-1.6664118636294245,-2.035299729686757,-10.381027012343704,10,2,de_escalation,0,1,-1,2.7099999999999937,0.9125200334756954,10,0.0,60,0.0,100,32.0,LOW
2025-05-28,65.72,62.54,21.489999771118164,2.176616915422902,1.5094952118162697,-6.767893785584878,13,2,neutral,1,1,0,3.1799999999999997,1.365881387307741,0,0.0,60,0.0,69,25.4,LOW
2025-05-29,64.6,61.66,20.829999923706055,-1.704199634814374,-1.4070994563479378,-3.071195227740886,4,1,escalation,1,0,1,2.9399999999999977,1.5916784755561333,10,0.0,40,0.0,31,16.6,LOW
2025-05-30,64.32,61.46,21.329999923706055,-0.4334365325077471,-0.3243593902043429,2.400384070241701,19,4,de_escalation,0,2,-2,2.8599999999999923,1.5872182357512792,30,0.0,60,0.0,24,24.6,LOW
2025-06-02,66.55,63.27,21.38999938964844,3.467039800995031,2.9450048812235563,0.2812914493998786,9,8,escalation,3,1,2,3.279999999999994,1.9208764796605795,75,0.0,60,0.0,3,30.4,LOW
2025-06-03,67.48,64.1,21.84000015258789,1.397445529676955,1.311838153943401,2.103790443104092,5,2,escalation,1,0,1,3.3800000000000097,1.5995505249497075,10,0.0,40,0.0,21,15.2,LOW
2025-06-04,66.69,63.57,21.8799991607666,-1.1707172495554308,-0.826833073322919,0.1831456405643416,15,6,de_escalation,1,3,-2,3.1199999999999974,1.7758810025652965,50,0.0,40,0.0,2,20.3,LOW
2025-06-05,67.14,64.06,20.1200008392334,0.6747638326585648,0.7708038382885141,-8.043868322852067,10,2,de_escalation,0,1,-1,3.0799999999999983,1.7307722179733904,10,0.0,40,0.0,82,24.3,LOW
2025-06-06,68.02,65.3,20.899999618530273,1.31069407208817,1.9356852950358936,3.876733333807336,13,6,neutral,0,0,0,2.719999999999999,1.6633025498443268,0,0.0,40,0.0,39,15.8,LOW
2025-06-09,68.73,65.99,21.219999313354492,1.0438106439282668,1.0566615620214437,1.5310990462435337,26,5,escalation,2,1,1,2.740000000000009,0.597384351328933,10,0.0,40,0.0,16,14.4,LOW
2025-06-10,68.41,65.66,20.90999984741211,-0.4655899898152293,-0.5000757690559188,-1.4608834871511434,19,4,de_escalation,2,4,-2,2.75,0.7600384663010787,30,0.0,60,0.0,15,23.2,LOW
2025-06-11,71.29,68.91,20.520000457763672,4.209910831749752,4.949741090466042,-1.865133393086582,13,6,neutral,1,1,0,2.3800000000000097,1.900290983316492,0,0.0,60,0.0,19,17.8,LOW
2025-06-12,70.84,68.73,19.93000030517578,-0.6312245756768142,-0.2612102742707733,-2.8752443441816156,18,9,escalation,4,2,2,2.109999999999999,1.99825757619144,10,0.0,80,0.0,29,26.4,LOW
2025-06-13,76.0,73.84,19.520000457763672,7.284020327498575,7.434890149861784,-2.05719940358271,3,3,neutral,0,0,0,2.1599999999999966,3.4024291798298436,0,0.0,80,0.0,21,23.2,LOW
2025-06-16,75.05,72.53,18.670000076293945,-1.2500000000000069,-1.7741061755146337,-4.35451004885431,7,4,de_escalation,0,2,-2,2.519999999999996,3.506417552473257,10,0.0,60,0.0,44,23.6,LOW
2025-06-17,78.7,75.62,18.510000228881836,4.863424383744186,4.2603060802426596,-0.8569890024546223,23,9,escalation,4,2,2,3.0799999999999983,3.6919333898680855,75,0.0,60,0.0,9,31.4,LOW
2025-06-18,78.38,75.89,18.56999969482422,-0.4066073697585826,0.3570483998942109,0.3241462193434463,10,1,neutral,0,0,0,2.489999999999995,2.4147459088536625,0,0.0,60,0.0,3,15.4,LOW
2025-06-19,80.37,,,2.538912988007147,0.0,0.0,22,3,neutral,0,0,0,,2.5111811363903525,0,0.0,60,0.0,0,15.0,LOW
2025-06-20,78.73,75.72,17.829999923706055,-2.040562398905066,-0.2240084332586711,-3.984920750022491,12,6,de_escalation,1,2,-1,3.010000000000005,2.882925899179598,10,0.0,80,0.0,41,28.2,LOW
2025-06-23,74.34,69.36,17.889999389648438,-5.576019306490543,-8.39936608557844,0.3365085036405979,19,12,de_escalation,3,5,-2,4.980000000000004,3.0226404620026655,10,0.0,80,0.0,3,22.4,LOW
2025-06-24,69.13,65.45,18.209999084472656,-7.008340059187523,-5.637254901960775,1.7887071310319858,27,18,escalation,8,5,3,3.6799999999999926,3.224711199136969,100,0.0,80,0.0,18,42.7,LOW
2025-06-25,68.4,65.98,17.739999771118164,-1.0559814841602622,0.8097784568372735,-2.5809958099078267,21,10,escalation,6,3,3,2.4200000000000017,3.32084849422943,10,0.0,40,0.0,26,15.9,LOW
2025-06-26,68.57,66.44,17.81999969482422,0.2485380116958868,0.6971809639284565,0.4509578621094467,17,4,de_escalation,1,2,-1,2.1299999999999955,3.3733371117699935,30,0.0,40,0.0,5,16.8,LOW
2025-06-27,69.37,66.66,17.399999618530273,1.1666909727286123,0.3311258278145601,-2.3569028254020297,12,6,escalation,3,1,2,2.710000000000008,3.6351129807471225,50,0.0,40,0.0,24,23.6,LOW
2025-06-30,68.15,66.3,18.040000915527344,-1.7586853106530187,-0.5400540054005365,3.6781684541848714,16,3,escalation,1,0,1,1.8500000000000083,1.059754752455206,10,0.0,40,0.0,37,17.6,LOW
2025-07-01,67.63,66.64,17.729999542236328,-0.7630227439471948,0.512820512820511,-1.71841107294064,22,4,de_escalation,0,1,-1,0.9899999999999948,1.0804086376345126,30,0.0,60,0.0,18,23.7,LOW
2025-07-02,70.8,68.66,18.190000534057617,4.687268963477753,3.0312124849939837,2.594478306248549,28,9,de_escalation,2,5,-3,2.140000000000001,2.4853439025443484,10,0.0,60,0.0,26,20.9,LOW
2025-07-03,70.42,68.13,18.950000762939453,-0.5367231638418013,-0.7719196038450393,4.178120981683686,28,2,escalation,1,0,1,2.2900000000000063,2.520075263774027,30,0.0,20,0.0,43,17.4,LOW
2025-07-04,71.03,,,0.86623118432263,0.0,0.0,9,0,neutral,0,0,0,,2.521855591252036,0,0.0,0,0.0,0,0.0,LOW
2025-07-07,71.95,69.16,18.729999542236328,1.2952273687174554,1.5118156465580457,-1.1609562630381598,6,3,escalation,3,0,3,2.7900000000000063,0.7396095488481395,10,0.0,40,0.0,12,13.8,LOW
2025-07-08,72.5,69.55,19.25,0.7644197359277127,0.5639097744360999,2.7762972262282526,8,3,de_escalation,0,1,-1,2.950000000000003,0.570121737366869,30,0.0,20,0.0,28,15.2,LOW
2025-07-09,71.98,69.61,19.030000686645508,-0.7172413793103405,0.0862688713155979,-1.1428535758674974,20,7,de_escalation,0,4,-4,2.3700000000000045,0.7771705152769184,10,0.0,60,0.0,12,18.8,LOW
2025-07-10,70.38,67.78,18.93000030517578,-2.2228396776882597,-2.628932624622893,-0.5254880602285183,11,3,neutral,1,1,0,2.5999999999999943,1.374988191709243,0,0.0,60,0.0,5,15.8,LOW
2025-07-11,72.06,69.63,18.520000457763672,2.3870417732310356,2.729418707583342,-2.1658734326592044,13,2,escalation,2,1,1,2.430000000000007,1.8000970737862174,10,0.0,60,0.0,22,20.3,LOW
2025-07-14,70.96,68.19,18.280000686645508,-1.5265056897030391,-2.068074105988793,-1.29589506039971,4,1,neutral,0,0,0,2.769999999999996,1.774685187858578,0,0.0,40,0.0,13,12.0,LOW
2025-07-15,70.27,67.76,17.940000534057617,-0.9723788049605386,-0.6305909957471711,-1.8599570011847864,16,5,de_escalation,0,2,-2,2.509999999999991,1.497598646944058,10,0.0,20,0.0,19,9.8,LOW
2025-07-16,69.67,67.13,18.93000030517578,-0.8538494378824479,-0.9297520661157188,5.518393208733352,20,6,escalation,4,1,3,2.5400000000000063,0.6626903611633557,30,0.0,60,0.0,56,29.4,LOW
2025-07-17,71.32,68.76,19.15999984741211,2.3683077364719196,2.428124534485332,1.2150002035311136,15,1,escalation,1,0,1,2.559999999999988,1.5345896496403968,10,0.0,60,0.0,12,18.8,LOW
2025-07-18,71.06,68.53,18.670000076293945,-0.3645541222658366,-0.3344968004653892,-2.557410099271729,28,14,de_escalation,1,10,-9,2.530000000000001,1.5315540054503824,30,0.0,40,0.0,26,19.9,LOW
2025-07-21,71.92,68.39,19.25,1.210244863495635,-0.2042900919305368,3.1065876879267096,23,6,de_escalation,2,5,-3,3.530000000000001,1.1336353723064478,10,0.0,60,0.0,32,21.8,LOW
2025-07-22,69.69,67.56,19.86000061035156,-3.1006674082313723,-1.2136277233513626,3.1688343394886243,15,5,de_escalation,2,3,-1,2.1299999999999955,1.596460676027013,10,0.0,60,0.0,32,21.8,LOW
2025-07-23,69.17,66.05,19.59000015258789,-0.746161572679005,-2.2350503256364784,-1.3595188794855215,13,5,de_escalation,0,5,-5,3.1200000000000045,1.600411895184164,10,0.0,40,0.0,14,14.1,LOW
2025-07-24,70.42,67.16,19.11000061035156,1.807141824490377,1.6805450416351286,-2.4502273532291063,15,5,de_escalation,2,5,-3,3.260000000000005,1.921181587525805,10,0.0,40,0.0,25,15.8,LOW
2025-07-25,69.23,66.38,19.149999618530273,-1.6898608349900537,-1.1614055985705751,0.2093092982794031,6,0,neutral,0,0,0,2.8500000000000085,2.030246392929958,0,0.0,0,0.0,0,0.0,LOW
2025-07-28,70.87,67.81,18.790000915527344,2.368915210168998,2.154263332329021,-1.8798888259746072,11,5,de_escalation,1,3,-2,3.0600000000000023,1.619947235234504,10,0.0,60,0.0,19,19.8,LOW
2025-07-29,73.21,70.27,17.809999465942383,3.301820234231667,3.627783512756211,-5.215547641485873,10,4,escalation,1,0,1,2.9399999999999977,2.0124570332441216,75,0.0,60,0.0,53,38.0,LOW
2025-07-30,73.98,71.09,17.770000457763672,1.0517688840322448,1.1669275651060351,-0.2245873631563033,40,4,de_escalation,0,2,-2,2.890000000000001,1.4647167839219168,50,0.0,40,0.0,2,20.3,LOW
2025-07-31,73.43,70.36,17.59000015258789,-0.7434441741011044,-1.026867351244909,-1.0129448539048291,37,8,escalation,4,3,1,3.0700000000000074,1.6600354733974296,30,0.0,60,0.0,10,22.5,LOW
2025-08-01,70.55,68.39,16.920000076293945,-3.9221026828272,-2.7998862990335383,-3.8089827770432017,17,7,escalation,3,1,2,2.1599999999999966,2.859605646076901,10,0.0,60,0.0,39,22.8,LOW
2025-08-04,69.56,67.33,16.889999389648438,-1.4032600992204047,-1.5499342009065664,-0.1773090219280848,15,6,escalation,6,0,6,2.230000000000004,1.6231646578912928,10,0.0,40,0.0,2,12.3,LOW
2025-08-05,69.14,66.2,16.389999389648438,-0.6037952846463468,-1.6783009059854417,-2.960331664111493,12,2,escalation,2,0,2,2.9399999999999977,1.634442873772063,10,0.0,40,0.0,30,16.5,LOW
2025-08-06,67.97,65.38,16.25,-1.6922186867225908,-1.2386706948640636,-0.854175685551628,14,4,neutral,1,1,0,2.5900000000000034,0.7842808817081091,0,0.0,40,0.0,9,11.4,LOW
2025-08-07,66.99,64.9,17.1299991607666,-1.4418125643666402,-0.7341694707861612,5.415379450871405,24,6,neutral,1,1,0,2.089999999999989,0.705333404968747,0,0.0,40,0.0,55,18.2,LOW
2025-08-08,67.17,64.94,16.989999771118164,0.2686968204209661,0.061633281972262,-0.8172761033700571,27,6,de_escalation,0,3,-3,2.230000000000004,0.8062717728271364,10,0.0,20,0.0,8,8.2,LOW
2025-08-11,67.36,65.03,17.239999771118164,0.2828643739764658,0.1385894672004894,1.4714538161735735,23,9,neutral,2,2,0,2.3299999999999983,0.7198132059410451,0,0.0,20,0.0,15,7.2,LOW
2025-08-12,66.8,64.22,17.459999084472656,-0.8313539192399078,-1.2455789635552827,1.2760981222462275,17,4,escalation,2,0,2,2.5799999999999983,0.4548908607100183,10,0.0,20,0.0,13,9.0,LOW
2025-08-13,66.25,63.68,17.979999542236328,-0.8233532934131649,-0.8408595453129886,2.9782387458777926,18,5,de_escalation,0,3,-3,2.5700000000000003,0.5178517365205196,30,0.0,60,0.0,30,25.5,LOW
2025-08-14,68.12,64.99,17.6200008392334,2.822641509433965,2.0571608040200973,-2.002217531525885,15,3,escalation,2,1,1,3.1300000000000097,1.499617782389926,75,0.0,60,0.0,20,33.0,LOW
2025-08-15,67.3,63.78,18.5,-1.2037580739870934,-1.8618248961378536,4.994319630264488,6,2,escalation,1,0,1,3.519999999999996,1.6472101428668091,10,0.0,40,0.0,51,19.6,LOW
2025-08-18,68.18,64.51,18.40999984741211,1.3075780089153222,1.1445594230166334,-0.4864873112858991,15,5,escalation,3,1,2,3.6700000000000017,1.5340521115496704,10,0.0,60,0.0,5,17.8,LOW
2025-08-19,66.62,63.38,17.40999984741211,-2.2880610149604075,-1.751666408308794,-5.431830571908291,34,14,de_escalation,0,12,-12,3.240000000000002,1.363803059382995,75,0.0,60,0.0,55,38.2,LOW
2025-08-20,67.61,64.19,17.059999465942383,1.4860402281597018,1.2780056800252293,-2.010341094412771,12,5,de_escalation,1,3,-2,3.4200000000000017,1.508491083527101,10,0.0,40,0.0,20,15.0,LOW
2025-08-21,68.41,64.56,17.3799991607666,1.1832569146575933,0.5764137716155249,1.8757309779701137,21,4,escalation,3,0,3,3.8499999999999943,1.5797924947332636,50,0.0,40,0.0,19,22.8,LOW
2025-08-22,68.29,64.08,17.8700008392334,-0.1754129513228952,-0.743494423791824,2.8193423597678846,17,5,de_escalation,1,3,-2,4.210000000000008,1.5910758166443906,30,0.0,60,0.0,29,25.4,LOW
2025-08-26,66.89,63.6,18.1200008392334,-2.0500805388783183,-2.4240564590365277,5.226489905728027,9,4,escalation,2,0,2,3.289999999999999,0.9004215213434484,75,0.0,60,0.0,53,38.0,LOW
2025-08-27,67.75,64.49,17.920000076293945,1.2856929286888974,1.3993710691823755,-1.1037569187436924,13,2,escalation,2,0,2,3.260000000000005,1.197808294244743,10,0.0,40,0.0,11,13.6,LOW
2025-08-28,68.61,64.96,17.954999923706055,1.2693726937269334,0.7287951620406297,0.1953116476735461,6,0,escalation,1,0,1,3.6500000000000057,1.3616296827174337,0,0.0,0,0.0,0,0.0,LOW
2025-08-29,67.83,64.36,17.530000686645508,-1.13686051595977,-0.9236453201970308,-2.367024443700605,5,2,escalation,2,0,2,3.469999999999999,1.4730701000526372,10,0.0,40,0.0,24,15.6,LOW
2025-09-01,67.09,,,-1.090962700869813,0.0,0.0,6,2,de_escalation,0,1,-1,,0.9887154547656604,50,0.0,40,0.0,0,20.0,LOW
2025-09-02,68.09,65.95,17.079999923706055,1.4905351021016644,2.4704785581106226,-2.5670322037252835,6,4,escalation,4,0,4,2.140000000000001,1.071870746080288,50,0.0,40,0.0,26,23.9,LOW
2025-09-03,67.76,64.36,16.969999313354492,-0.4846526655896577,-2.41091736163761,-0.6440316794081968,5,0,neutral,0,0,0,3.4000000000000057,0.9546380179514208,0,0.0,0,0.0,0,0.0,LOW
2025-09-04,66.41,63.81,16.760000228881836,-1.9923258559622292,-0.8545680546923506,-1.2374725572758205,13,5,de_escalation,1,4,-3,2.5999999999999943,1.2993288450327451,50,0.0,60,0.0,13,27.0,LOW
2025-09-05,64.92,62.22,16.68000030517578,-2.2436380063243444,-2.4917724494593396,-0.477326507240694,8,2,de_escalation,0,1,-1,2.700000000000003,1.4929645058093846,10,0.0,60,0.0,5,17.8,LOW
2025-09-08,65.44,62.6,17.049999237060547,0.800985828712264,0.6107360977177789,2.218218975511377,17,6,escalation,3,1,2,2.8399999999999963,1.3495404124487107,30,0.0,60,0.0,23,24.4,LOW
2025-09-09,67.97,62.97,16.899999618530273,3.8661369193154105,0.5910543130990265,-0.8797631979022502,8,2,escalation,2,1,1,5.0,2.204985760807811,10,0.0,60,0.0,9,18.4,LOW
2025-09-10,67.62,64.01,16.8799991607666,-0.5149330587023604,1.6515801175162936,-0.1183459065983716,7,1,neutral,0,0,0,3.609999999999999,1.76108015067516,0,0.0,20,0.0,1,5.2,LOW
2025-09-11,67.25,62.71,16.920000076293945,-0.5471753918958933,-2.030932666770824,0.2369722601664348,12,2,neutral,1,1,0,4.539999999999999,1.8407827359711944,0,0.0,20,0.0,2,5.3,LOW
2025-09-12,67.87,63.02,16.989999771118164,0.9219330855018582,0.4943390208898224,0.4137097784195243,3,0,neutral,0,0,0,4.850000000000001,1.7961389167955382,0,0.0,0,0.0,0,0.0,LOW
2025-09-15,67.88,63.66,17.459999084472656,0.0147340503904302,1.0155506188511465,2.766329132937706,18,4,de_escalation,1,4,-3,4.219999999999999,0.5289701910675141,10,0.0,60,0.0,28,21.2,LOW
2025-09-16,69.69,64.89,17.479999542236328,2.666470241602825,1.9321394910461809,0.1145501650195335,35,4,escalation,4,0,4,4.799999999999997,1.1579854774042737,75,0.0,60,0.0,1,30.2,LOW
2025-09-17,69.19,64.41,16.920000076293945,-0.717463050652889,-0.7397133610725914,-3.2036583558785248,2,0,neutral,0,0,0,4.780000000000001,1.30898605207029,0,0.0,0,0.0,0,0.0,LOW
2025-09-18,67.83,63.91,16.93000030517578,-1.9656019656019597,-0.7762769756249011,0.0591030073093579,9,4,escalation,2,1,1,3.9200000000000017,1.694743658003017,10,0.0,40,0.0,1,12.2,LOW
2025-09-19,67.05,63.02,17.440000534057617,-1.1499336576735963,-1.3925833202941496,3.012405314168376,8,3,de_escalation,1,4,-3,4.029999999999994,1.770991693601626,50,0.0,40,0.0,31,24.6,LOW
2025-09-22,66.87,62.99,17.600000381469727,-0.2684563758389102,-0.0476039352586443,0.917430289635912,4,3,escalation,2,1,1,3.8800000000000026,0.8613545959625528,30,0.0,40,0.0,9,17.4,LOW
2025-09-23,67.96,63.76,17.469999313354492,1.6300284133393017,1.2224162565486418,-0.7386424164632754,14,7,escalation,3,0,3,4.199999999999996,1.0052923343870437,10,0.0,60,0.0,8,18.2,LOW
2025-09-24,69.64,65.4,17.0,2.4720423778693545,2.5721455457967446,-2.690322448926563,5,3,escalation,2,0,2,4.239999999999995,1.2145714341752198,10,0.0,60,0.0,27,21.0,LOW
2025-09-25,70.48,65.51,16.81999969482422,1.2062033314187204,0.1681957186544291,-1.0588253245634172,14,5,escalation,2,0,2,4.969999999999999,1.1418218845950503,10,0.0,40,0.0,11,13.6,LOW
2025-09-26,71.15,66.5,16.93000030517578,0.9506242905788832,1.511219661120422,0.6539869937418175,11,1,neutral,1,1,0,4.650000000000006,1.0026949723067071,0,0.0,60,0.0,7,16.0,LOW
2025-09-29,69.0,64.27,16.90999984741211,-3.021784961349272,-3.3533834586466194,-0.1181361925761903,4,3,de_escalation,0,2,-2,4.730000000000004,1.683758231711218,10,0.0,60,0.0,1,17.2,LOW
2025-09-30,68.52,63.17,16.420000076293945,-0.6956521739130528,-1.711529484985208,-2.897692345001135,1,1,de_escalation,0,1,-1,5.349999999999994,1.4989790006904775,10,0.0,60,0.0,30,21.5,LOW
2025-10-01,66.67,62.59,16.6200008392334,-2.699941622883817,-0.9181573531739762,1.2180314373335444,13,3,de_escalation,1,2,-1,4.079999999999998,1.4720946845894445,10,0.0,60,0.0,12,18.8,LOW
2025-10-02,65.44,61.28,17.200000762939453,-1.8449077546122792,-2.092986100015981,3.489770724541108,10,1,escalation,1,0,1,4.159999999999997,1.28990406677528,50,0.0,40,0.0,36,25.4,LOW
2025-10-03,66.13,61.65,17.34000015258789,1.0544009779950958,0.6037859007832935,0.8139499037121745,8,5,neutral,2,2,0,4.479999999999997,1.6605363843998198,0,0.0,40,0.0,8,11.2,LOW
2025-10-06,67.09,62.49,17.6200008392334,1.451686072886749,1.362530413625307,1.614767498163605,12,3,de_escalation,0,1,-1,4.600000000000001,1.2782220940896531,10,0.0,40,0.0,16,14.4,LOW
2025-10-07,67.1,62.52,17.020000457763672,0.0149053510209995,0.0480076812289897,-3.4052233421790867,13,2,neutral,1,1,0,4.579999999999991,0.6979067824589862,0,0.0,20,0.0,35,10.2,LOW
2025-10-08,67.42,63.37,17.260000228881836,0.4769001490313007,1.3595649392194489,1.4101043752245523,9,5,de_escalation,0,3,-3,4.050000000000004,0.6284139712465493,10,0.0,20,0.0,14,9.1,LOW
2025-10-09,67.23,62.36,17.06999969482422,-0.2818154850192766,-1.5938141076219048,-1.1008142035808466,16,9,de_escalation,2,6,-4,4.8700000000000045,0.6823186314348,10,0.0,60,0.0,11,18.6,LOW
2025-10-10,64.41,59.75,15.970000267028809,-4.194556001784933,-4.185375240538802,-6.444050658823031,5,2,neutral,1,1,0,4.659999999999997,2.163658491071476,0,0.0,60,0.0,66,24.9,LOW
2025-10-13,64.15,,16.559999465942383,-0.4036640273249348,0.0,3.694421972751427,8,5,de_escalation,1,3,-2,,1.8078796518871536,10,0.0,40,0.0,38,17.7,LOW
2025-10-14,63.0,59.52,16.280000686645508,-1.7926734216679785,-0.3849372384937211,-1.690813939171476,27,14,de_escalation,2,10,-8,3.479999999999997,1.7890094239537908,10,0.0,40,0.0,17,14.6,LOW
2025-10-15,62.33,59.08,16.270000457763672,-1.0634920634920664,-0.7392473118279619,-0.0614264647423423,1,0,neutral,0,0,0,3.25,0.7717415893172942,0,0.0,0,0.0,0,0.0,LOW
2025-10-16,61.08,58.29,15.779999732971191,-2.0054548371570724,-1.3371699390656744,-3.0116823048930152,8,4,de_escalation,0,6,-6,2.789999999999999,0.8638349466450663,10,0.0,60,0.0,31,21.6,LOW
2025-10-17,61.23,58.3,16.18000030517578,0.2455795677799521,0.0171556013038198,2.5348579149137462,6,4,de_escalation,0,3,-3,2.9299999999999997,0.9421132125970034,10,0.0,20,0.0,26,10.9,LOW
2025-10-20,60.71,58.34,15.989999771118164,-0.8492569002123029,0.0686106346483805,-1.1742925245609492,6,2,de_escalation,0,1,-1,2.3699999999999974,0.9276154341736372,10,0.0,20,0.0,12,8.8,LOW
2025-10-21,61.0,58.66,15.960000038146973,0.477680777466638,0.5485087418580559,-0.1876155934997458,3,2,de_escalation,0,1,-1,2.3400000000000034,0.5016349532921457,10,0.0,60,0.0,2,17.3,LOW
2025-10-22,62.28,59.3,15.65999984741211,2.0983606557376966,1.091033071939984,-1.8797004387081095,17,6,de_escalation,0,2,-2,2.980000000000004,1.0904330200190135,10,0.0,80,0.0,19,24.8,LOW
2025-10-23,66.32,62.44,15.899999618530272,6.486833654463697,5.295109612141657,1.5325656031715873,16,6,escalation,4,1,3,3.879999999999995,2.9128525436455495,100,0.0,80,0.0,16,42.4,LOW
2025-10-24,65.8,62.27,15.84000015258789,-0.7840772014475195,-0.2722613709160715,-0.3773551407665221,7,5,de_escalation,0,1,-1,3.529999999999994,3.041656855860992,30,0.0,20,0.0,4,11.6,LOW
2025-10-27,65.52,62.13,16.030000686645508,-0.4255319148936176,-0.224827364702107,1.1994983095159562,10,4,escalation,2,1,1,3.3899999999999935,3.0538928257206837,30,0.0,60,0.0,12,22.8,LOW
2025-10-28,64.03,60.97,16.15999984741211,-2.274114774114766,-1.867052953484638,0.8109741434690232,10,4,de_escalation,1,2,-1,3.0600000000000023,0.9407691062746454,75,0.0,60,0.0,8,31.2,LOW
2025-10-29,65.01,61.26,15.979999542236328,1.5305325628611754,0.4756437592258411,-1.1138632851200647,34,9,de_escalation,1,4,-3,3.750000000000007,1.362152687332358,10,0.0,40,0.0,11,13.6,LOW
2025-10-30,65.11,61.36,15.329999923706056,0.1538224888478545,0.1632386549134779,-4.067582209951093,15,5,de_escalation,1,2,-1,3.75,1.3704655485217236,10,0.0,20,0.0,41,13.2,LOW
2025-10-31,65.44,61.75,15.324999809265137,0.5068345876209523,0.6355932203389925,-0.0326165327188765,6,3,de_escalation,1,2,-1,3.6899999999999977,1.4074837730351604,10,0.0,20,0.0,0,7.0,LOW
2025-11-03,65.79,61.79,14.520000457763672,0.5348410757946231,0.064777327935217,-5.2528506461369195,70,67,de_escalation,2,49,-47,4.000000000000007,0.264931343572402,10,0.0,40,0.0,54,20.1,LOW
2025-11-04,65.04,61.38,13.81999969482422,-1.1399908800729608,-0.6635377892862837,-4.820941741535345,18,6,de_escalation,0,5,-5,3.660000000000004,0.6783403102149879,10,0.0,60,0.0,49,24.4,LOW
2025-11-05,63.54,60.4,14.170000076293944,-2.306273062730635,-1.5966112740306349,2.532564321262631,32,6,escalation,2,0,2,3.140000000000001,1.1411894015428632,75,0.0,60,0.0,26,33.9,LOW
2025-11-06,63.41,60.24,13.329999923706056,-0.2045955303745739,-0.2649006622516547,-5.928017982111278,5,4,de_escalation,0,2,-2,3.1699999999999946,1.1185341773238635,30,0.0,20,0.0,60,20.0,LOW
2025-11-07,63.72,60.54,13.100000381469728,0.4888818798296945,0.4980079681274896,-1.7254279336288425,15,7,de_escalation,2,4,-2,3.1799999999999997,1.2046809940795171,10,0.0,40,0.0,18,14.7,LOW
2025-11-10,63.01,60.94,13.43000030517578,-1.1142498430634085,0.6607201850016509,2.5190833137138213,9,5,escalation,2,1,1,2.0700000000000003,0.5883556866593056,50,0.0,40,0.0,26,23.9,LOW
2025-11-11,63.86,,12.899999618530272,1.348992223456591,0.0,-3.9463937051531617,17,3,de_escalation,0,2,-2,,0.8938137124343012,50,0.0,60,0.0,40,31.0,LOW
2025-11-12,61.88,59.3,12.640000343322754,-3.1005324146570534,-2.6911716442402422,-2.015498317023512,5,0,neutral,0,0,0,2.5800000000000054,1.6607290177776617,0,0.0,0,0.0,0,0.0,LOW
2025-11-13,62.14,59.54,12.029999732971191,0.4201680672268892,0.4047217537942682,-4.825954064738635,0,0,no_posts,0,0,0,2.6000000000000014,1.706968206326546,0,0.0,0,0.0,0,0.0,LOW
2025-11-14,63.45,60.87,11.06999969482422,2.108142903121979,2.2337924084648852,-7.980050369542846,15,3,de_escalation,0,1,-1,2.5800000000000054,2.0780196863261913,10,0.0,60,0.0,81,29.2,LOW
2025-11-17,63.16,60.66,10.850000381469728,-0.4570527974783411,-0.3449975357318835,-1.9873470588924524,21,2,neutral,1,1,0,2.5,0.9964540732827208,0,0.0,60,0.0,20,18.0,LOW
2025-11-18,64.86,61.51,10.770000457763672,2.691576947435093,1.4012528849324024,-0.7373264598468099,6,4,escalation,3,1,2,3.3500000000000014,1.4253068789607404,10,0.0,60,0.0,8,18.2,LOW
2025-11-19,63.78,60.27,10.289999961853027,-1.6651248843663202,-2.01593236872053,-4.4568289276592505,30,6,de_escalation,2,4,-2,3.509999999999998,1.5938382524155112,50,0.0,40,0.0,45,26.8,LOW
2025-11-20,63.64,60.07,10.350000381469728,-0.2195045468799006,-0.3318400530944121,0.5830944590780707,13,0,de_escalation,0,1,-1,3.5700000000000003,1.6007671276178304,0,0.0,0,0.0,0,0.0,LOW
2025-11-21,62.78,58.86,10.329999923706056,-1.3513513513513489,-2.0143166305976345,-0.1932411306909687,3,1,escalation,1,0,1,3.9200000000000017,1.7248097175971846,50,0.0,60,0.0,2,25.3,LOW
2025-11-24,64.83,59.11,10.59000015258789,3.2653711373048733,0.4247366632687654,2.516943182982656,9,4,neutral,2,2,0,5.719999999999999,1.729357178704938,0,0.0,60,0.0,26,18.9,LOW
2025-11-25,63.99,58.25,10.739999771118164,-1.2956964368347923,-1.45491456606327,1.4164269723227374,16,4,de_escalation,1,2,-1,5.740000000000002,1.8769099367548316,10,0.0,40,0.0,14,14.1,LOW
2025-11-26,64.81,58.81,11.06999969482422,1.2814502265979133,0.9613733905579512,3.072625053433309,17,5,escalation,2,0,2,6.0,1.7226164652743614,50,0.0,40,0.0,31,24.6,LOW
2025-11-27,64.18,,,-0.972072211078534,0.0,0.0,7,2,escalation,2,0,2,,1.8634444404863024,10,0.0,20,0.0,0,7.0,LOW
2025-11-28,64.07,58.58,11.539999961853027,-0.1713929573075923,-0.3910899506886611,4.245711652987261,5,0,de_escalation,0,1,-1,5.489999999999995,1.8754630496033695,0,0.0,0,0.0,0,0.0,LOW
2025-12-01,64.22,59.47,10.949999809265137,0.2341189324176706,1.5192898600204785,-5.112652985599764,12,5,escalation,2,0,2,4.75,0.4646852398420118,10,0.0,40,0.0,52,19.8,LOW
2025-12-02,63.37,58.81,11.1899995803833,-1.323575210214889,-1.1098032621489784,2.191778769850683,13,3,de_escalation,0,1,-1,4.559999999999995,0.6160540558046655,50,0.0,40,0.0,22,23.3,LOW
2025-12-03,63.75,59.09,11.510000228881836,0.5996528325706185,0.4761095051861952,2.8597020598599032,7,0,neutral,0,0,0,4.659999999999997,0.7277130355144369,0,0.0,0,0.0,0,0.0,LOW
2025-12-04,64.15,59.82,11.789999961853027,0.6274509803921635,1.2354036215941775,2.4326648775261805,14,8,de_escalation,1,6,-5,4.330000000000005,0.7993985075088286,10,0.0,20,0.0,25,10.8,LOW
2025-12-05,64.42,60.23,11.359999656677246,0.4208885424785702,0.6853895018388512,-3.6471612092202066,8,2,de_escalation,0,2,-2,4.190000000000005,0.8177248802623837,10,0.0,40,0.0,37,17.6,LOW
2025-12-08,63.3,59.04,11.100000381469728,-1.738590499844772,-1.975759588245052,-2.2887260833207357,5,4,neutral,1,1,0,4.259999999999998,0.9351804026353104,0,0.0,40,0.0,23,13.4,LOW
2025-12-09,62.62,58.4,11.300000190734863,-1.0742496050552883,-1.084010840108407,1.8018000215478611,5,4,escalation,3,0,3,4.219999999999999,0.8957636197551675,10,0.0,40,0.0,18,14.7,LOW
2025-12-10,63.12,58.67,11.300000190734863,0.7984669434685454,0.4623287671232878,0.0,4,1,neutral,0,0,0,4.449999999999996,1.000339786425691,0,0.0,40,0.0,0,10.0,LOW
2025-12-11,61.87,57.76,10.90999984741211,-1.980354879594426,-1.5510482358956912,-3.4513304136271072,5,4,neutral,1,1,0,4.109999999999999,1.1773374223969917,0,0.0,40,0.0,35,15.2,LOW
2025-12-12,62.11,57.61,10.649999618530272,0.3879101341522473,-0.2596952908587191,-2.383136870011149,1,1,neutral,0,0,0,4.5,1.2534663177132472,0,0.0,20,0.0,24,8.6,LOW
2025-12-15,61.55,56.97,10.460000038146973,-0.9016261471582744,-1.1109182433605258,-1.7840336825243883,1,1,de_escalation,0,1,-1,4.579999999999998,0.954087457611663,10,0.0,60,0.0,18,19.7,LOW
2025-12-16,59.93,55.44,10.729999542236328,-2.6320064987814695,-2.6856240126382325,2.5812571998535816,14,6,escalation,3,1,2,4.490000000000002,1.2157043397565894,75,0.0,60,0.0,26,33.9,LOW
2025-12-17,60.61,56.07,10.470000267028809,1.1346570999499317,1.1363636363636465,-2.4231061164922574,2,1,escalation,1,0,1,4.539999999999999,1.4032834638164433,10,0.0,40,0.0,25,15.8,LOW
2025-12-18,60.69,56.22,14.859999656677246,0.1319914205576644,0.2675227394328461,41.929314973114494,9,8,de_escalation,0,5,-5,4.469999999999999,1.4157518306047394,30,0.0,40,0.0,100,31.0,LOW
2025-12-19,61.35,56.8,16.09000015258789,1.0874938210578389,1.0316613304873767,8.277257902613421,12,2,neutral,1,1,0,4.550000000000004,1.5771540606145087,0,0.0,40,0.0,84,22.6,LOW
2025-12-22,62.22,58.18,14.40999984741211,1.418092909535451,2.4295774647887347,-10.441269665902231,1,0,neutral,0,0,0,4.039999999999999,0.6744791222359531,0,0.0,0,0.0,0,0.0,LOW
2025-12-23,63.7,58.55,14.149999618530272,2.3786563805850314,0.635957373667928,-1.804304175121352,9,8,de_escalation,1,2,-1,5.150000000000006,1.010008704664591,10,0.0,60,0.0,18,19.7,LOW
2025-12-24,63.7,58.72,14.3100004196167,0.0,0.29035012809564,1.1307477413419642,10,3,escalation,2,0,2,4.980000000000004,1.093838726980182,30,0.0,20,0.0,12,12.8,LOW
2025-12-29,63.1,57.89,13.15999984741211,-0.9419152276295196,2.279151943462887,-4.429924401401442,0,0,no_posts,0,0,0,5.210000000000001,0.4212372956043501,0,0.0,0,0.0,0,0.0,LOW
2025-12-30,62.3,57.79,12.56999969482422,-1.267828843106189,-0.1727414061150511,-4.483283886237366,13,4,escalation,2,0,2,4.509999999999998,0.6160358146694868,10,0.0,40,0.0,46,18.9,LOW
2025-12-31,61.35,57.26,13.239999771118164,-1.5248796147672494,-0.9171136874891904,5.330151889898782,16,2,neutral,0,0,0,4.090000000000003,0.7124551383282127,0,0.0,40,0.0,54,18.1,LOW
2026-01-02,61.98,57.21,13.770000457763672,1.0268948655256738,-0.0873209919664663,4.003026403381482,9,4,de_escalation,0,1,-1,4.769999999999996,1.0497626045112425,10,0.0,40,0.0,41,18.2,LOW
2026-01-05,63.0,58.1,14.390000343322754,1.645692158760892,1.555672085299764,4.502540776674557,6,2,neutral,1,1,0,4.899999999999999,0.7639161383576516,0,0.0,40,0.0,46,16.9,LOW
2026-01-06,62.1,56.97,14.31999969482422,-1.4285714285714235,-1.9449225473321952,-0.4864534178486979,14,8,de_escalation,1,4,-3,5.130000000000003,1.17197665423678,10,0.0,40,0.0,5,12.8,LOW
2026-01-07,61.08,56.01,13.619999885559082,-1.6425120772946888,-1.6850974196945812,-4.888266928651852,11,8,escalation,4,1,3,5.07,1.3267080343387614,50,0.0,60,0.0,50,32.5,LOW
2026-01-08,63.34,57.74,14.0,3.700065487884752,3.088734154615258,2.79001554797238,10,5,escalation,4,1,3,5.600000000000001,2.2417973290022326,10,0.0,60,0.0,28,21.2,LOW
2026-01-09,65.11,58.96,14.40999984741211,2.794442690243115,2.112919986144779,2.928570338657921,12,7,de_escalation,1,3,-2,6.149999999999999,2.439629603360629,75,0.0,60,0.0,30,34.5,LOW
2026-01-12,65.4,59.39,13.920000076293944,0.4454000921517487,0.7293080054274093,-3.4004148251685407,7,2,neutral,1,1,0,6.010000000000005,1.736757787214346,0,0.0,60,0.0,35,20.2,LOW
2026-01-13,67.58,60.85,13.989999771118164,3.3333333333333215,2.4583263175618875,0.5028713681074715,10,5,de_escalation,1,3,-2,6.729999999999997,1.618415386464263,10,0.0,60,0.0,5,17.8,LOW
2026-01-14,68.87,61.84,13.979999542236328,1.9088487718259992,1.626951520131481,-0.0714812655142504,6,4,escalation,2,0,2,7.030000000000001,1.4563205121699223,50,0.0,60,0.0,1,25.2,LOW
2026-01-15,66.16,59.13,13.65999984741211,-3.93494990561929,-4.3822768434670145,-2.288982155238539,8,6,de_escalation,2,3,-1,7.029999999999994,2.7305074050741247,75,0.0,60,0.0,23,33.4,LOW
2026-01-16,66.97,59.4,13.869999885559082,1.2243047158403852,0.4566210045662044,1.5373355819382262,5,1,escalation,1,0,1,7.57,2.7460661861333917,50,0.0,40,0.0,16,22.4,LOW
2026-01-19,66.91,,,-0.089592354785728,0.0,0.0,8,0,neutral,0,0,0,,1.9635754076301992,0,0.0,0,0.0,0,0.0,LOW
2026-01-20,67.68,60.3,13.90999984741211,1.1507995815274397,1.5151515151515138,0.2883919407574931,16,2,de_escalation,0,2,-2,7.38000000000001,0.6683142105648519,50,0.0,40,0.0,3,20.4,LOW
2026-01-21,66.72,60.38,14.130000114440918,-1.41843971631207,0.1326699834162559,1.5815979111584166,3,1,de_escalation,0,1,-1,6.339999999999996,0.9108807119170836,10,0.0,40,0.0,16,14.4,LOW
2026-01-22,65.46,59.24,14.789999961853027,-1.888489208633104,-1.8880423981450845,4.670911833451341,31,16,de_escalation,8,10,-2,6.219999999999992,1.2147094300344563,10,0.0,60,0.0,48,24.2,LOW
2026-01-23,68.16,60.7,14.529999732971191,4.124656278643446,2.464550979068192,-1.7579461092118942,44,36,de_escalation,2,27,-25,7.459999999999994,2.4092239192452136,10,0.0,60,0.0,18,19.7,LOW
2026-01-26,67.7,60.46,14.039999961853027,-0.6748826291079757,-0.3953871499176364,-3.372331590662503,17,7,de_escalation,1,7,-6,7.240000000000002,2.266446869555262,10,0.0,60,0.0,34,22.1,LOW
2026-01-27,70.28,62.04,14.079999923706056,3.810930576070892,2.6132980482963974,0.2849000139723001,14,10,de_escalation,0,5,-5,8.240000000000002,2.3155929405504803,10,0.0,60,0.0,3,17.4,LOW
2026-01-28,70.9,62.75,13.609999656677246,0.8821855435401371,1.1444229529335992,-3.3380700964173005,12,1,de_escalation,0,2,-2,8.150000000000006,1.7697224129150049,10,0.0,20,0.0,34,12.1,LOW
2026-01-29,71.0,64.77,13.539999961853027,0.1410437235543016,3.2191235059760848,-0.5143254709038536,8,2,neutral,2,2,0,6.230000000000004,1.754771045978194,0,0.0,40,0.0,5,10.8,LOW
2026-01-30,72.25,64.5,12.779999732971191,1.760563380281699,-0.4168596572487248,-5.613000229121312,11,2,neutral,1,1,0,7.75,1.722460737390041,0,0.0,80,0.0,57,28.6,LOW
2026-02-02,67.72,61.6,12.31999969482422,-6.269896193771629,-4.496124031007753,-3.5993743956051483,18,11,de_escalation,3,4,-1,6.119999999999997,3.107035770391322,10,0.0,80,0.0,37,27.6,LOW
2026-02-03,70.01,62.62,12.1899995803833,3.381571175428233,1.655844155844144,-1.0551957602363715,9,5,de_escalation,2,3,-1,7.390000000000008,3.660322255235569,10,0.0,60,0.0,11,18.6,LOW
2026-02-04,71.15,64.56,12.454999923706056,1.6283388087416029,3.0980517406579366,2.1739159347405224,24,17,de_escalation,0,16,-16,6.590000000000003,3.64282157542528,10,0.0,40,0.0,22,15.3,LOW
2026-02-05,69.87,62.9,10.895000457763672,-1.799016163035838,-2.571251548946718,-12.52508611399652,10,8,de_escalation,0,2,-2,6.970000000000006,3.7001036885105223,10,0.0,40,0.0,100,27.0,LOW
2026-02-06,70.45,63.77,11.454999923706056,0.8301130671246604,1.3831478537360995,5.13996734661295,21,2,escalation,2,0,2,6.68,3.7526679350510856,30,0.0,40,0.0,52,23.8,LOW
2026-02-09,71.19,64.53,11.270000457763672,1.050390347764374,1.191782970048605,-1.615010625705282,1,1,de_escalation,0,1,-1,6.659999999999997,1.1211086819872675,50,0.0,40,0.0,16,22.4,LOW
2026-02-10,71.01,64.2,11.25,-0.2528445006320989,-0.5113900511390046,-0.1774663438446788,11,8,de_escalation,0,8,-8,6.810000000000002,0.5758652663938687,10,0.0,20,0.0,2,7.3,LOW
2026-02-11,71.52,64.8,11.0600004196167,0.7182087029995676,0.9345794392523256,-1.688885158962672,9,4,de_escalation,1,2,-1,6.719999999999999,0.5530758523908976,10,0.0,60,0.0,17,19.6,LOW
2026-02-12,69.8,63.08,10.890000343322754,-2.4049217002237167,-2.654320987654324,-1.537071155914449,11,2,de_escalation,0,1,-1,6.719999999999999,1.3517210053564288,10,0.0,60,0.0,16,19.4,LOW
2026-02-13,69.96,63.05,10.979999542236328,0.2292263610315092,-0.0475586556753393,0.8264388987715421,9,6,neutral,1,1,0,6.909999999999997,1.3630996574926486,0,0.0,40,0.0,8,11.2,LOW
2026-02-16,70.81,,,1.2149799885649015,0.0,0.0,49,48,de_escalation,2,35,-33,,1.334894629214758,10,0.0,40,0.0,0,12.0,LOW
2026-02-17,69.77,62.53,9.90999984741211,-1.4687191074707062,-0.8247422680412342,-9.744988519428375,8,1,neutral,0,0,0,7.239999999999995,0.9599136339789524,0,0.0,60,0.0,99,29.8,LOW
2026-02-18,71.78,65.33,10.479999542236328,2.8808943672065324,4.477850631696789,5.751762902126267,8,3,neutral,0,0,0,6.450000000000003,1.6242287096134431,0,0.0,60,0.0,59,23.8,LOW
2026-02-19,73.17,66.66,10.56999969482422,1.9364725550292672,2.0358181539874565,0.8587801194568367,8,3,escalation,1,0,1,6.510000000000005,1.6968684948443475,10,0.0,40,0.0,9,13.4,LOW
2026-02-20,72.75,66.69,10.109999656677246,-0.5740057400574039,0.045004500450041,-4.351939937824422,8,5,escalation,2,0,2,6.060000000000002,1.7908696385216845,10,0.0,40,0.0,44,18.6,LOW
2026-02-23,71.9,66.36,9.960000038146973,-1.1683848797250818,-0.4948268106162778,-1.4836758024141417,12,6,neutral,1,1,0,5.540000000000006,1.165868583251642,0,0.0,40,0.0,15,12.2,LOW
2026-02-24,71.21,65.62,10.630000114440918,-0.9596662030598168,-1.1151295961422505,6.726908370761375,1,0,neutral,0,0,0,5.589999999999989,0.537434373507717,0,0.0,0,0.0,0,0.0,LOW
2026-02-25,70.69,65.3,10.890000343322754,-0.7302345176239289,-0.4876562023773401,2.445909934926749,10,6,de_escalation,0,4,-4,5.390000000000001,0.5443724792120671,10,0.0,40,0.0,85,24.8,LOW
2026-02-26,71.66,65.1,10.960000038146973,1.3721884283491192,-0.3062787136294043,0.6427887292688617,2,0,de_escalation,0,1,-1,6.560000000000002,1.0320524479319493,0,0.0,0,0.0,0,0.0,LOW
2026-02-27,71.32,66.96,10.710000038146973,-0.4744627407200719,2.857142857142847,-2.281021889870982,72,38,de_escalation,3,25,-22,4.359999999999999,1.019630060377522,10,0.0,80,0.0,83,34.4,LOW
2026-03-02,77.24,71.13,11.079999923706056,8.300616937745374,6.227598566308257,3.4547141385734337,14,8,escalation,6,1,5,6.109999999999999,3.677171335131673,100,0.0,80,0.0,95,54.2,ELEVATED
2026-03-03,83.28,74.48,10.640000343322754,7.819782496116012,4.7096864895262325,-3.971115373763745,13,7,escalation,3,0,3,8.799999999999997,4.508749486413118,10,0.0,80,0.0,100,37.0,LOW
2026-03-04,81.56,74.58,10.949999809265137,-2.065321805955811,0.1342642320085962,2.9135287212366245,11,5,de_escalation,0,1,-1,6.980000000000004,4.868412281499328,75,0.0,80,0.0,90,48.5,LOW
2026-03-05,88.59,80.88,10.739999771118164,8.619421284943595,8.44730490748189,-1.9178086009580153,18,5,escalation,2,1,1,7.710000000000008,5.14253432398568,100,0.0,80,0.0,80,52.0,ELEVATED
2026-03-06,95.74,90.77,10.18000030517578,8.0708883621176,12.227992087042526,-5.214147838702255,28,9,escalation,4,2,2,4.969999999999999,4.601431529955397,10,75.0,80,85.0,100,68.5,ELEVATED
2026-03-09,94.35,94.65,10.270000457763672,-1.4518487570503449,4.274540046270814,0.8840879164034421,11,6,escalation,4,0,4,-0.3000000000000113,4.875945779927586,10,80.0,60,85.0,9,51.1,ELEVATED
2026-03-10,89.84,83.71,10.270000457763672,-4.7800741918388905,-11.558372952984698,0.0,13,5,neutral,1,1,0,6.13000000000001,4.728103591514998,0,0.0,60,95.0,0,29.2,LOW
2026-03-11,90.98,86.8,10.369999885559082,1.2689225289403303,3.6913152550472006,0.9737042194561508,14,6,de_escalation,1,3,-2,4.180000000000007,2.325987093880925,10,0.0,100,25.0,10,32.2,LOW
2026-03-12,102.38,95.61,9.9399995803833,12.530226423389744,10.149769585253466,-4.146579652084526,6,5,escalation,3,0,3,6.769999999999996,6.559747152544628,100,0.0,100,65.0,42,61.0,ELEVATED
2026-03-13,103.23,98.48,9.800000190734863,0.8302402813049614,3.001778056688642,-1.4084446233250114,26,17,de_escalation,7,10,-3,4.75,6.522260413819593,30,0.0,60,95.0,14,37.4,LOW
2026-03-16,101.04,93.39,9.760000228881836,-2.121476315024695,-5.168562144597888,-0.4081628681073312,13,3,escalation,2,1,1,7.650000000000006,5.85093056499365,75,0.0,60,25.0,4,34.4,LOW
