date,post_count,oil_post_count,keyword_hits_total,escalation_count,deescalation_count,first_post_hour,premarket_posts,direction_balance,dominant_direction,brent_close,wti_close,djt_close,djt_volume,brent_close_ffill,wti_close_ffill,djt_close_ffill,brent_pct_change,wti_pct_change,djt_pct_change,brent_wti_spread,brent_volatility_5d,is_trading_day,day_of_week,has_oil_post
2025-01-01,5,1,1,0,0,10.0,0,0,neutral,,,,,,,,,,,,,0,2,1
2025-01-02,8,3,3,3,1,0.0,6,2,escalation,76.14,73.79,34.02000045776367,5166600.0,76.14,73.79,34.02000045776367,,,,2.3499999999999943,,1,3,1
2025-01-03,31,5,6,2,1,0.0,23,1,escalation,76.72,74.64,34.619998931884766,6150400.0,76.72,74.64,34.619998931884766,0.7617546624638871,1.1519176040113654,1.7636639213629568,2.0799999999999983,,1,4,1
2025-01-04,2,1,2,1,0,7.0,2,1,escalation,,,,,76.72,74.64,34.619998931884766,0.0,0.0,0.0,,,0,5,1
2025-01-05,4,1,2,0,0,12.0,0,0,neutral,,,,,76.72,74.64,34.619998931884766,0.0,0.0,0.0,,,0,6,1
2025-01-06,8,3,6,2,0,7.0,5,2,escalation,77.27,74.31,36.16999816894531,8425600.0,77.27,74.31,36.16999816894531,0.7168925964546435,-0.4421221864951752,4.477178754713962,2.9599999999999937,,1,0,1
2025-01-07,14,4,6,0,2,1.0,6,-2,de_escalation,77.84,74.99,35.220001220703125,5504700.0,77.84,74.99,35.220001220703125,0.7376730943445153,0.9150854528327201,-2.6264777338524503,2.8500000000000085,0.4049541866369443,1,1,1
2025-01-08,20,2,3,0,0,11.0,0,0,neutral,77.37,73.99,34.540000915527344,5525900.0,77.37,73.99,34.540000915527344,-0.6038026721479905,-1.3335111348179773,-1.9307219807137899,3.3800000000000097,0.5652244494630997,1,2,1
2025-01-09,9,2,2,1,1,7.0,1,0,neutral,78.44,,,,78.44,73.99,34.540000915527344,1.3829649735039418,0.0,0.0,,0.7644210595633215,1,3,1
2025-01-10,3,1,2,1,0,10.0,0,1,escalation,79.76,77.27,35.310001373291016,6216600.0,79.76,77.27,35.310001373291016,1.682814890362061,4.43303149074199,2.229300629281461,2.490000000000009,0.8802372831953038,1,4,1
2025-01-11,16,4,6,0,0,14.0,0,0,neutral,,,,,79.76,77.27,35.310001373291016,0.0,0.0,0.0,,0.9494267933279397,0,5,1
2025-01-12,9,0,0,0,1,1.0,21,-1,de_escalation,,,,,79.76,77.27,35.310001373291016,0.0,0.0,0.0,,0.987011828899247,0,6,0
2025-01-13,10,0,0,0,0,10.0,0,0,neutral,82.69,79.57,42.90999984741211,46067900.0,82.69,79.57,42.90999984741211,3.6735205616850397,2.9765756438462576,21.5236425333867,3.1200000000000045,1.5129092293590611,1,0,0
2025-01-14,10,2,2,1,3,0.0,7,-2,de_escalation,82.39,78.2,39.349998474121094,25678800.0,82.39,78.2,39.349998474121094,-0.36280082234853017,-1.7217544300615728,-8.296437627476983,4.189999999999998,1.69345549760276,1,1,1
2025-01-15,9,4,7,1,2,7.0,2,-1,de_escalation,83.48,80.73,40.83000183105469,14919900.0,83.48,80.73,40.83000183105469,1.3229760893312292,3.2352941176470695,3.7611268470745474,2.75,1.6645131480585496,1,2,1
2025-01-16,16,6,9,0,2,11.0,0,-2,de_escalation,82.39,79.35,41.0,19959000.0,82.39,79.35,41.0,-1.305701964542405,-1.7094017094017255,0.4163560159725854,3.0400000000000063,1.9278480538569691,1,3,1
2025-01-17,12,5,6,4,1,8.0,3,3,escalation,83.02,78.56,40.029998779296875,30112700.0,83.02,78.56,40.029998779296875,0.7646559048428259,-0.9955891619407575,-2.3658566358612854,4.459999999999994,1.8918405940707295,1,4,1
2025-01-18,13,1,1,1,0,8.0,20,1,escalation,,,,,83.02,78.56,40.029998779296875,0.0,0.0,0.0,,1.0168963300381537,0,5,1
2025-01-19,17,2,2,0,1,7.0,2,-1,de_escalation,,,,,83.02,78.56,40.029998779296875,0.0,0.0,0.0,,0.9896387082813477,0,6,1
2025-01-20,12,3,3,0,1,8.0,1,-1,de_escalation,81.68,,,,81.68,78.56,40.029998779296875,-1.6140688990604501,0.0,0.0,,0.9957246841924805,1,0,1
2025-01-21,7,0,0,2,0,0.0,3,2,escalation,80.57,76.79,35.59000015258789,26443000.0,80.57,76.79,35.59000015258789,-1.3589618021547678,-2.253054989816694,-11.091678146653628,3.779999999999987,1.0076346554171292,1,1,0
2025-01-22,10,2,5,1,0,0.0,2,1,escalation,80.0,76.12,33.61000061035156,11446200.0,80.0,76.12,33.61000061035156,-0.7074593521161687,-0.8725094413335133,-5.563359184454386,3.8799999999999955,0.7488813188670685,1,2,1
2025-01-23,4,1,1,1,0,9.0,1,1,escalation,78.62,75.03,33.54999923706055,8491300.0,78.62,75.03,33.54999923706055,-1.7249999999999988,-1.431949553336842,-0.1785223808432046,3.5900000000000034,0.7218474184676533,1,3,1
2025-01-24,11,0,0,0,0,7.0,3,0,neutral,78.71,74.97,32.709999084472656,8499900.0,78.71,74.97,32.709999084472656,0.11447468837444408,-0.0799680127948843,-2.5037262941573935,3.739999999999995,0.7652213832223504,1,4,0
2025-01-25,32,3,6,0,2,1.0,10,-2,de_escalation,,,,,78.71,74.97,32.709999084472656,0.0,0.0,0.0,,0.8111748125831206,0,5,1
2025-01-26,10,1,2,1,0,13.0,0,1,escalation,,,,,78.71,74.97,32.709999084472656,0.0,0.0,0.0,,0.7769519948019121,0,6,1
2025-01-27,6,1,1,0,0,10.0,0,0,neutral,77.3,73.51,29.53499984741211,10412800.0,77.3,73.51,29.53499984741211,-1.7913861008766352,-1.947445644924628,-9.706509709343614,3.789999999999992,0.9852909931829638,1,0,1
2025-01-28,11,1,2,0,0,10.0,0,0,neutral,78.01,74.15,30.040000915527344,5080800.0,78.01,74.15,30.040000915527344,0.9184993531694774,0.8706298462794138,1.709839413320613,3.8599999999999994,0.9938274382553679,1,1,1
2025-01-29,11,1,1,0,0,0.0,7,0,neutral,77.02,72.94,32.06999969482422,23865900.0,77.02,72.94,32.06999969482422,-1.2690680681963995,-1.6318273769386438,6.757652188511054,4.079999999999998,1.0892250570047488,1,2,1
2025-01-30,8,1,1,0,0,0.0,3,0,neutral,77.42,73.1,31.600000381469727,5718700.0,77.42,73.1,31.600000381469727,0.5193456245131234,0.2193583767480023,-1.46554199509501,4.320000000000007,1.162581905287372,1,3,1
2025-01-31,11,1,1,0,1,7.0,8,-1,de_escalation,77.11,72.84,31.86000061035156,4727900.0,77.11,72.84,31.86000061035156,-0.40041332988891565,-0.3556771545827564,0.8227855245036553,4.269999999999996,1.148342901100913,1,4,1
2025-02-01,7,5,14,3,1,7.0,2,2,escalation,,,,,77.11,72.84,31.86000061035156,0.0,0.0,0.0,,0.8475692375391444,0,5,1
2025-02-02,15,7,13,0,2,8.0,2,-2,de_escalation,,,,,77.11,72.84,31.86000061035156,0.0,0.0,0.0,,0.6663373797557985,0,6,1
2025-02-03,12,6,10,2,2,9.0,1,0,neutral,76.49,73.52,30.81999969482422,4626600.0,76.49,73.52,30.81999969482422,-0.8040461678122224,0.9335529928610642,-3.2642840414429775,2.969999999999999,0.4956472406309342,1,0,1
2025-02-04,5,0,0,0,0,0.0,3,0,neutral,76.58,73.04,30.6200008392334,3608900.0,76.58,73.04,30.6200008392334,0.11766243953459377,-0.6528835690968293,-0.6489255599324562,3.539999999999992,0.38224336334185977,1,1,0
2025-02-05,12,3,5,2,1,5.0,4,1,escalation,74.71,71.39,30.350000381469727,3415000.0,74.71,71.39,30.350000381469727,-2.4418908331157008,-2.259036144578319,-0.8817780874052716,3.319999999999993,1.0800399511375858,1,2,1
2025-02-06,14,0,0,0,1,0.0,4,-1,de_escalation,74.54,70.97,32.380001068115234,9794700.0,74.54,70.97,32.380001068115234,-0.22754651318429575,-0.5883176915534416,6.688634797793713,3.5700000000000074,1.0515032012851537,1,3,0
2025-02-07,12,1,1,0,2,7.0,6,-2,de_escalation,74.68,71.32,31.190000534057617,4504300.0,74.68,71.32,31.190000534057617,0.18781862087469126,0.4931661265323406,-3.6751096195281385,3.3600000000000136,1.0843167054856804,1,4,1
2025-02-08,4,0,0,0,0,7.0,3,0,neutral,,,,,74.68,71.32,31.190000534057617,0.0,0.0,0.0,,1.111988160483384,0,5,0
2025-02-09,18,3,3,1,0,5.0,3,1,escalation,,,,,74.68,71.32,31.190000534057617,0.0,0.0,0.0,,1.0975196799132791,0,6,1
2025-02-10,9,2,2,1,0,0.0,4,1,escalation,76.23,72.73,31.209999084472656,2795600.0,76.23,72.73,31.209999084472656,2.075522228173532,1.9770050476724865,0.0641184676903217,3.5,0.9441866942063011,1,0,1
2025-02-11,17,5,7,3,1,5.0,7,2,escalation,77.65,73.67,30.34000015258789,3082400.0,77.65,73.67,30.34000015258789,1.8627836809655074,1.2924515330674957,-2.7875647465738007,3.980000000000004,1.0497679110909337,1,1,1
2025-02-12,8,3,5,0,2,7.0,4,-2,de_escalation,75.38,71.72,30.43000030517578,2378800.0,75.38,71.72,30.43000030517578,-2.9233741146168835,-2.6469390525315606,0.2966386029507495,3.6599999999999966,2.007352389730032,1,2,1
2025-02-13,15,5,5,0,0,5.0,5,0,neutral,75.61,71.66,30.670000076293945,3387200.0,75.61,71.66,30.670000076293945,0.3051207216768326,-0.08365867261572735,0.7886946063465627,3.950000000000003,2.0042743513188137,1,3,1
2025-02-14,6,4,4,0,0,12.0,0,0,neutral,75.19,71.05,30.38999938964844,3246300.0,75.19,71.05,30.38999938964844,-0.555482079090075,-0.851241975997763,-0.9129464817377975,4.140000000000001,2.037683561059746,1,4,1
2025-02-15,32,7,8,1,0,7.0,2,1,escalation,,,,,75.19,71.05,30.38999938964844,0.0,0.0,0.0,,1.7373844804310852,0,5,1
2025-02-16,29,6,8,2,2,11.0,0,0,neutral,,,,,75.19,71.05,30.38999938964844,0.0,0.0,0.0,,1.3165538196095907,0,6,1
2025-02-17,21,4,7,3,1,8.0,1,2,escalation,75.81,,,,75.81,71.05,30.38999938964844,0.824577736401122,0.0,0.0,,0.5038954624660824,1,0,1
2025-02-18,25,4,5,2,1,8.0,1,1,escalation,76.46,72.21,29.229999542236328,6194200.0,76.46,72.21,29.229999542236328,0.8574066745811848,1.6326530612244872,-3.81704465518099,4.25,0.6061834475683219,1,1,1
2025-02-19,18,4,6,2,1,9.0,5,1,escalation,76.34,72.58,28.25,4369200.0,76.34,72.58,28.25,-0.15694480774259834,0.5123944052070506,-3.3527182948472567,3.760000000000005,0.4935983091979288,1,2,1
2025-02-20,13,5,6,2,1,8.0,5,1,escalation,76.95,72.88,27.84000015258789,4848600.0,76.95,72.88,27.84000015258789,0.7990568509300466,0.4133370074400622,-1.451326893494187,4.070000000000007,0.4994780543285859,1,3,1
2025-02-21,5,1,3,0,1,9.0,1,-1,de_escalation,74.88,70.72,26.989999771118164,4585600.0,74.88,70.72,26.989999771118164,-2.690058479532176,-2.9637760702524663,-3.0531622730279095,4.159999999999997,1.5237968331754281,1,4,1
2025-02-22,11,3,3,3,0,7.0,8,3,escalation,,,,,74.88,70.72,26.989999771118164,0.0,0.0,0.0,,1.4449227806138056,0,5,1
2025-02-23,16,2,2,0,0,12.0,0,0,neutral,,,,,74.88,70.72,26.989999771118164,0.0,0.0,0.0,,1.3286008830505822,0,6,1
2025-02-24,20,4,6,0,4,0.0,8,-4,de_escalation,74.89,71.06,25.729999542236328,4570600.0,74.89,71.06,25.729999542236328,0.013354700854706358,0.48076923076922906,-4.668396589725631,3.8299999999999983,1.3388402840985414,1,0,1
2025-02-25,11,3,4,3,0,10.0,0,3,escalation,73.11,69.15,23.809999465942383,7044900.0,73.11,69.15,23.809999465942383,-2.3768193350247047,-2.6878694061356567,-7.462106919754219,3.9599999999999937,1.394475165657382,1,1,1
2025-02-26,24,5,6,0,4,6.0,12,-4,de_escalation,73.49,68.87,24.520000457763672,4142600.0,73.49,68.87,24.520000457763672,0.5197647380659198,-0.4049168474331233,2.981944593643804,4.61999999999999,1.1445258866600714,1,2,1
2025-02-27,8,2,5,2,0,8.0,1,2,escalation,75.01,70.62,23.799999237060547,2780300.0,75.01,70.62,23.799999237060547,2.0683086134168027,2.5410193117467728,-2.9363833901363323,4.390000000000001,1.5958864768111243,1,3,1
2025-02-28,4,2,3,0,2,8.0,1,-2,de_escalation,74.76,69.97,24.100000381469727,3538100.0,74.76,69.97,24.100000381469727,-0.33328889481402113,-0.9204191447182208,1.2605090505298344,4.790000000000006,1.605165381967157,1,4,1
2025-03-01,15,5,7,2,1,10.0,0,1,escalation,,,,,74.76,69.97,24.100000381469727,0.0,0.0,0.0,,1.6051035044287196,0,5,1
2025-03-02,8,3,6,3,0,9.0,1,3,escalation,,,,,74.76,69.97,24.100000381469727,0.0,0.0,0.0,,0.9542440465455189,0,6,1
2025-03-03,7,3,5,0,0,7.0,3,0,neutral,72.85,68.63,23.219999313354492,3640000.0,72.85,68.63,23.219999313354492,-2.554842161583748,-1.915106474203232,-3.651456656373575,4.219999999999999,1.6417809469249656,1,0,1
2025-03-04,7,4,4,0,0,7.0,4,0,neutral,72.31,68.47,22.270000457763672,4831000.0,72.31,68.47,22.270000457763672,-0.7412491420727418,-0.233134197872642,-4.091295795363992,3.8400000000000034,1.066919645946436,1,1,1
2025-03-05,9,4,4,1,0,7.0,1,1,escalation,70.92,66.58,22.700000762939453,2906400.0,70.92,66.58,22.700000762939453,-1.9222790761996955,-2.760332992551484,1.9308500060038147,4.340000000000003,1.1538574136079995,1,2,1
2025-03-06,4,2,2,0,2,9.0,3,-2,de_escalation,71.08,66.62,21.979999542236328,2754400.0,71.08,66.62,21.979999542236328,0.2256063169768785,0.06007810153199067,-3.171811438344163,4.459999999999994,1.2080133712803742,1,3,1
2025-03-07,22,7,10,1,3,9.0,3,-2,de_escalation,72.49,67.29,22.5,2541900.0,72.49,67.29,22.5,1.9836803601575692,1.0057039927949596,2.3657892110709566,5.199999999999989,1.7990827276394399,1,4,1
2025-03-08,20,3,3,1,0,10.0,0,1,escalation,,,,,72.49,67.29,22.5,0.0,0.0,0.0,,1.4308411899486242,0,5,1
2025-03-09,16,2,2,1,1,0.0,9,0,neutral,,,,,72.49,67.29,22.5,0.0,0.0,0.0,,1.384247824247073,0,6,1
2025-03-10,128,25,32,0,4,11.0,0,-4,de_escalation,71.08,66.31,19.920000076293945,4451800.0,71.08,66.31,19.920000076293945,-1.9450958752931347,-1.4563828206271445,-11.466666327582464,4.769999999999996,1.3924191708732672,1,0,1
2025-03-11,16,9,15,5,1,0.0,1,4,escalation,71.51,66.52,19.56999969482422,4291400.0,71.51,66.52,19.56999969482422,0.6049521665728808,0.31669431458301034,-1.7570300207290113,4.990000000000009,1.4143483459574073,1,1,1
2025-03-12,20,3,5,2,1,1.0,1,1,escalation,72.36,67.65,20.06999969482422,3331900.0,72.36,67.65,20.06999969482422,1.1886449447629621,1.698737221888158,2.5549310567043015,4.709999999999994,1.1787335913532382,1,2,1
2025-03-13,8,3,4,0,0,7.0,6,0,neutral,70.82,66.82,19.170000076293945,3143700.0,70.82,66.82,19.170000076293945,-2.1282476506357173,-1.2269031781227069,-4.484303100225617,4.0,1.5043463042215914,1,3,1
2025-03-14,16,5,7,3,1,0.0,5,2,escalation,71.94,67.43,20.209999084472656,2548200.0,71.94,67.43,20.209999084472656,1.581474159841867,0.9129003292427607,5.425138257901185,4.509999999999991,1.767429181393633,1,4,1
2025-03-15,4,2,7,1,2,10.0,0,-1,de_escalation,,,,,71.94,67.43,20.209999084472656,0.0,0.0,0.0,,1.4576032279985751,0,5,1
2025-03-16,3,1,1,1,0,12.0,0,1,escalation,,,,,71.94,67.43,20.209999084472656,0.0,0.0,0.0,,1.445767580967844,0,6,1
2025-03-17,29,8,12,2,1,0.0,6,1,escalation,71.93,67.84,20.559999465942383,2408000.0,71.93,67.84,20.559999465942383,-0.013900472616057424,0.6080379652973367,1.7318178986887256,4.090000000000003,1.3198314992048967,1,0,1
2025-03-18,15,5,9,0,1,7.0,2,-1,de_escalation,71.93,67.49,20.09000015258789,1838400.0,71.93,67.49,20.09000015258789,0.0,-0.5159198113207641,-2.285988937563177,4.440000000000012,0.7088364212584488,1,1,1
2025-03-19,20,5,10,1,3,0.0,2,-2,de_escalation,71.94,67.4,20.59000015258789,6040000.0,71.94,67.4,20.59000015258789,0.013902405116072991,-0.1333530893465551,2.4888003793050784,4.539999999999992,0.00982980170463889,1,2,1
2025-03-20,17,5,10,0,2,8.0,2,-2,de_escalation,72.61,68.55,20.030000686645508,2646000.0,72.61,68.55,20.030000686645508,0.9313316652766135,1.7062314540059242,-2.719764263197433,4.060000000000002,0.4166199457192235,1,3,1
2025-03-21,11,3,5,3,0,7.0,5,3,escalation,72.64,68.52,20.25,2478600.0,72.64,68.52,20.25,0.04131662305468797,-0.04376367614880028,1.0983490055552991,4.1200000000000045,0.41239015012420827,1,4,1
2025-03-22,5,1,1,1,0,6.0,2,1,escalation,,,,,72.64,68.52,20.25,0.0,0.0,0.0,,0.4106770497627245,0,5,1
2025-03-23,17,2,2,1,0,8.0,3,1,escalation,,,,,72.64,68.52,20.25,0.0,0.0,0.0,,0.4106770497627245,0,6,1
2025-03-24,24,6,14,1,3,0.0,11,-2,de_escalation,73.96,69.46,21.010000228881836,3460300.0,73.96,69.46,21.010000228881836,1.8171806167400772,1.371862230005827,3.7530875500337624,4.5,0.8084865589527513,1,0,1
2025-03-25,11,2,3,1,0,9.0,1,1,escalation,73.78,69.48,22.8700008392334,12852700.0,73.78,69.48,22.8700008392334,-0.24337479718765653,0.028793550244765598,8.8529299861438,4.299999999999997,0.8428166538725947,1,1,1
2025-03-26,15,6,17,0,4,11.0,0,-4,de_escalation,74.6,70.05,20.940000534057617,4470700.0,74.6,70.05,20.940000534057617,1.1114123068582282,0.8203799654576738,-8.439004085495583,4.549999999999997,0.8880504946675388,1,2,1
2025-03-27,16,6,10,0,3,0.0,9,-3,de_escalation,74.72,70.3,20.31999969482422,2541900.0,74.72,70.3,20.31999969482422,0.16085790884718953,0.35688793718773315,-2.9608444289435654,4.420000000000002,0.8663803305625654,1,3,1
2025-03-28,14,3,5,1,3,9.0,1,-2,de_escalation,74.69,69.74,19.829999923706055,3485100.0,74.69,69.74,19.829999923706055,-0.04014989293361637,-0.7965860597439534,-2.411416232663499,4.950000000000003,0.8731347231532312,1,4,1
2025-03-29,7,5,12,0,5,10.0,0,-5,de_escalation,,,,,74.69,69.74,19.829999923706055,0.0,0.0,0.0,,0.5306675855963872,0,5,1
2025-03-30,8,4,5,3,1,9.0,1,2,escalation,,,,,74.69,69.74,19.829999923706055,0.0,0.0,0.0,,0.48966838233128207,0,6,1
2025-03-31,46,13,22,4,0,9.0,2,4,escalation,77.23,71.87,19.540000915527344,4037300.0,77.23,71.87,19.540000915527344,3.4007229883518564,3.0542013191855677,-1.4624256646215472,5.359999999999999,1.5093300550812008,1,0,1
2025-04-01,20,6,11,1,4,9.0,13,-3,de_escalation,77.78,71.61,20.260000228881836,4047800.0,77.78,71.61,20.260000228881836,0.712158487634329,-0.36176429664672716,3.684745545648105,6.170000000000002,1.4795497676149825,1,1,1
2025-04-02,9,7,8,0,2,0.0,6,-2,de_escalation,77.27,72.12,18.760000228881836,10451300.0,77.27,72.12,18.760000228881836,-0.6556955515556795,0.712191034771692,-7.403751150316673,5.1499999999999915,1.5899368154213092,1,2,1
2025-04-03,9,2,2,0,0,8.0,2,0,neutral,72.54,67.43,18.40999984741211,4998200.0,72.54,67.43,18.40999984741211,-6.12139251973598,-6.503050471436489,-1.865673652449562,5.109999999999999,3.4840303613606065,1,3,1
2025-04-04,14,6,11,1,2,8.0,8,-1,de_escalation,68.36,62.42,17.09000015258789,5015500.0,68.36,62.42,17.09000015258789,-5.762338020402547,-7.4299273320480586,-7.1700146972558,5.939999999999998,4.15260996908261,1,4,1
2025-04-05,3,3,4,1,0,8.0,1,1,escalation,,,,,68.36,62.42,17.09000015258789,0.0,0.0,0.0,,3.3028866319587404,0,5,1
2025-04-06,3,1,2,0,0,12.0,0,0,neutral,,,,,68.36,62.42,17.09000015258789,0.0,0.0,0.0,,3.148749003833664,0,6,1
2025-04-07,21,7,17,2,2,6.0,4,0,neutral,66.13,61.05,17.31999969482422,5248400.0,66.13,61.05,17.31999969482422,-3.2621416032767803,-2.1948093559756576,1.3458135762596912,5.079999999999998,2.976493956190269,1,0,1
2025-04-08,10,2,8,0,1,9.0,3,-1,de_escalation,64.86,60.04,16.65999984741211,3814300.0,64.86,60.04,16.65999984741211,-1.9204597005897384,-1.6543816543816536,-3.8106227427321393,4.82,2.4277527366068856,1,1,1
2025-04-09,13,5,9,1,1,7.0,7,0,neutral,67.3,62.63,20.270000457763672,15248600.0,67.3,62.63,20.270000457763672,3.7619488128276313,4.3137908061292585,21.668671329023592,4.669999999999995,2.64945001234665,1,2,1
2025-04-10,15,5,7,2,3,0.0,6,-1,de_escalation,65.37,60.57,18.790000915527344,11303600.0,65.37,60.57,18.790000915527344,-2.8677563150074192,-3.289158550215554,-7.301428262521171,4.800000000000004,2.873496495406923,1,3,1
2025-04-11,14,7,9,2,5,8.0,7,-3,de_escalation,66.83,61.91,18.88999938964844,4181700.0,66.83,61.91,18.88999938964844,2.233440416092991,2.2123163282152802,0.532189831020502,4.920000000000002,3.1956883268520864,1,4,1
2025-04-12,2,1,2,1,0,18.0,0,1,escalation,,,,,66.83,61.91,18.88999938964844,0.0,0.0,0.0,,2.773141416923859,0,5,1
2025-04-13,9,5,7,3,1,15.0,0,2,escalation,,,,,66.83,61.91,18.88999938964844,0.0,0.0,0.0,,2.520323576249642,0,6,1
2025-04-14,12,1,1,1,0,9.0,2,1,escalation,67.18,61.99,18.93000030517578,3359200.0,67.18,61.99,18.93000030517578,0.5237168936106595,0.12921983524472047,0.21175710333405373,5.190000000000005,1.8360361741507791,1,0,1
2025-04-15,7,2,7,0,1,7.0,3,-1,de_escalation,66.58,61.74,19.959999084472656,6468500.0,66.58,61.74,19.959999084472656,-0.8931229532599061,-0.40329085336344717,5.4410922487690305,4.839999999999996,1.1581536243229988,1,1,1
2025-04-16,15,2,4,0,2,6.0,5,-2,de_escalation,67.94,62.88,19.739999771118164,4516200.0,67.94,62.88,19.739999771118164,2.042655452087705,1.8464528668610258,-1.1022010192657472,5.059999999999995,1.082177964151158,1,2,1
2025-04-17,12,3,4,0,2,6.0,7,-2,de_escalation,69.33,65.07,22.040000915527344,12034500.0,69.33,65.07,22.040000915527344,2.0459228731233514,3.4828244274808906,11.651475030786674,4.260000000000005,1.2907111629660786,1,3,1
2025-04-18,5,1,1,1,0,0.0,6,1,escalation,,,,,69.33,65.07,22.040000915527344,0.0,0.0,0.0,,1.2907111629660786,0,4,1
2025-04-19,3,2,2,2,0,18.0,0,2,escalation,,,,,69.33,65.07,22.040000915527344,0.0,0.0,0.0,,1.3335782036991992,0,5,1
2025-04-20,20,7,8,2,2,8.0,3,0,neutral,,,,,69.33,65.07,22.040000915527344,0.0,0.0,0.0,,1.1197038843412794,0,6,1
2025-04-21,14,6,9,3,7,7.0,2,-4,de_escalation,,63.48,22.489999771118164,5954500.0,69.33,63.48,22.489999771118164,0.0,-2.4435223605348,2.041737009519773,,0.9149645242050972,0,0,1
2025-04-22,3,1,1,0,0,8.0,1,0,neutral,68.93,64.6,23.649999618530273,9123600.0,68.93,64.6,23.649999618530273,-0.5769508149430114,1.7643352236925036,5.157847306436136,4.3300000000000125,0.2580202483772916,1,1,1
2025-04-23,4,3,5,2,1,9.0,1,1,escalation,68.26,62.64,26.3799991607666,14753600.0,68.26,62.64,26.3799991607666,-0.9720005802988596,-3.0340557275541746,11.543338631165634,5.6200000000000045,0.44660029276758495,1,2,1
2025-04-24,9,5,7,1,1,7.0,6,0,neutral,67.5,63.55,26.149999618530273,8017900.0,67.5,63.55,26.149999618530273,-1.113389979490187,1.4527458492975764,-0.8718709232500399,3.950000000000003,0.5243286894381807,1,3,1
2025-04-25,12,5,11,0,3,6.0,4,-3,de_escalation,66.99,63.85,26.13999938964844,6643400.0,66.99,63.85,26.13999938964844,-0.7555555555555649,0.4720692368214152,-0.03824179360502056,3.1399999999999935,0.43351901045710933,1,4,1
2025-04-26,3,3,5,1,0,9.0,1,1,escalation,,,,,66.99,63.85,26.13999938964844,0.0,0.0,0.0,,0.43351901045710933,0,5,1
2025-04-27,7,2,2,2,1,8.0,2,1,escalation,,,,,66.99,63.85,26.13999938964844,0.0,0.0,0.0,,0.5341094471180563,0,6,1
2025-04-28,22,10,19,3,5,5.0,6,-2,de_escalation,66.13,63.3,25.829999923706055,3213600.0,66.13,63.3,25.829999923706055,-1.2837736975668035,-0.8613938919342257,-1.1859199433078338,2.8299999999999983,0.6063515149208737,1,0,1
2025-04-29,34,2,3,0,2,0.0,3,-2,de_escalation,64.04,61.84,24.979999542236328,3687200.0,64.04,61.84,24.979999542236328,-3.1604415545138154,-2.306477093206938,-3.2907486797536523,2.200000000000003,1.3038219427134048,1,1,1
2025-04-30,6,1,1,0,0,9.0,5,0,neutral,63.37,59.55,24.540000915527344,2898900.0,63.37,59.55,24.540000915527344,-1.0462211118051346,-3.70310478654593,-1.761403662017813,3.8200000000000003,1.2944174411364568,1,2,1
2025-05-01,15,7,12,5,0,9.0,1,5,escalation,62.37,60.59,24.729999542236328,2894700.0,62.37,60.59,24.729999542236328,-1.578033769922671,1.7464315701091637,0.7742405037514333,1.779999999999994,1.1433045212624713,1,3,1
2025-05-02,11,2,5,1,0,7.0,6,1,escalation,61.57,59.67,25.469999313354492,3287100.0,61.57,59.67,25.469999313354492,-1.282667949334615,-1.5184023766298127,2.9923161537238174,1.8999999999999986,0.8541326787114284,1,4,1
2025-05-03,2,0,0,0,0,1.0,1,0,neutral,,,,,61.57,59.67,25.469999313354492,0.0,0.0,0.0,,1.1433360409180697,0,5,0
2025-05-04,15,3,4,3,0,13.0,0,3,escalation,,,,,61.57,59.67,25.469999313354492,0.0,0.0,0.0,,0.7377664028129147,0,6,1
2025-05-05,20,4,4,1,1,8.0,2,0,neutral,,58.5,24.260000228881836,2576900.0,61.57,58.5,24.260000228881836,0.0,-1.9607843137254943,-4.750683616384032,,0.7903645965556498,0,0,1
2025-05-06,24,9,15,3,3,10.0,0,0,neutral,62.37,60.42,23.799999237060547,1990900.0,62.37,60.42,23.799999237060547,1.2993340912782259,3.2820512820512793,-1.8961293795605627,1.9499999999999957,0.9128869860161518,1,1,1
2025-05-07,10,5,5,3,1,9.0,4,2,escalation,60.31,59.42,24.200000762939453,2283200.0,60.31,59.42,24.200000762939453,-3.302869969536626,-1.655081098973854,1.6806787340397866,0.8900000000000006,1.717147919759022,1,2,1
2025-05-08,26,17,35,1,16,5.0,6,-15,de_escalation,62.22,61.25,25.13999938964844,3263100.0,62.22,61.25,25.13999938964844,3.1669706516332274,3.079771120834729,3.8842917234470864,0.9699999999999989,2.3641174955124016,1,3,1
2025-05-09,18,12,21,0,7,7.0,6,-7,de_escalation,64.26,62.37,24.88999938964844,2613800.0,64.26,62.37,24.88999938964844,3.2786885245901676,1.8285714285714239,-0.9944312095048757,1.8900000000000077,2.7124817412816546,1,4,1
2025-05-10,13,2,3,0,2,7.0,1,-2,de_escalation,,,,,64.26,62.37,24.88999938964844,0.0,0.0,0.0,,2.7124817412816546,0,5,1
2025-05-11,10,3,5,1,1,0.0,2,0,neutral,,,,,64.26,62.37,24.88999938964844,0.0,0.0,0.0,,2.725482837302362,0,6,1
2025-05-12,21,6,14,2,2,6.0,2,0,neutral,65.28,63.32,25.649999618530273,4208300.0,65.28,63.32,25.649999618530273,1.5873015873015817,1.523168189834867,3.0534361089535,1.9600000000000009,1.6119348740697614,1,0,1
2025-05-13,17,3,7,1,1,3.0,5,0,neutral,66.93,65.04,26.31999969482422,4233000.0,66.93,65.04,26.31999969482422,2.527573529411775,2.716361339229323,2.6120861062700396,1.8900000000000006,1.4769052147405541,1,1,1
2025-05-14,6,1,1,0,2,0.0,8,-2,de_escalation,65.91,64.48,26.030000686645508,4947500.0,65.91,64.48,26.030000686645508,-1.5239802779023037,-0.8610086100861003,-1.1018199526641292,1.4299999999999926,1.5722692954701527,1,2,1
2025-05-15,6,3,5,2,1,3.0,10,1,escalation,64.36,63.03,24.979999542236328,2822600.0,64.36,63.03,24.979999542236328,-2.351691700804126,-2.2487593052109234,-4.033811435694179,1.3299999999999983,2.046318669614591,1,3,1
2025-05-16,17,6,11,3,4,0.0,10,-1,de_escalation,65.2,63.84,25.63999938964844,2691600.0,65.2,63.84,25.63999938964844,1.3051584835301444,1.285102332222765,2.6421131285298216,1.3599999999999994,2.12058671847055,1,4,1
2025-05-17,13,5,10,1,2,8.0,3,-1,de_escalation,,,,,65.2,63.84,25.63999938964844,0.0,0.0,0.0,,1.9965387291915984,0,5,1
2025-05-18,13,1,1,1,0,0.0,19,1,escalation,,,,,65.2,63.84,25.63999938964844,0.0,0.0,0.0,,1.434825815597507,0,6,1
2025-05-19,9,2,4,1,1,0.0,3,0,neutral,66.25,63.98,25.06999969482422,1945200.0,66.25,63.98,25.06999969482422,1.6104294478527459,0.21929824561401912,-2.2230877862436604,2.270000000000003,1.5623523720259789,1,0,1
2025-05-20,6,2,2,0,0,0.0,3,0,neutral,66.93,63.97,24.88999938964844,1933300.0,66.93,63.97,24.88999938964844,1.0264150943396277,-0.015629884338852484,-0.7179908550734471,2.960000000000008,0.7487609846555046,1,1,1
2025-05-21,8,1,1,1,0,0.0,2,1,escalation,65.86,62.93,24.469999313354492,1954100.0,65.86,62.93,24.469999313354492,-1.5986851934857382,-1.625762075973114,-1.6874250164450544,2.9299999999999997,1.2234429220041951,1,2,1
2025-05-22,10,1,1,1,0,0.0,3,1,escalation,64.87,62.55,24.579999923706055,2100100.0,64.87,62.55,24.579999923706055,-1.5031885818402646,-0.6038455426664591,0.44953254367903206,2.3200000000000074,1.4507869222693615,1,3,1
2025-05-23,9,5,12,0,3,5.0,5,-3,de_escalation,65.41,62.89,25.719999313354492,4094700.0,65.41,62.89,25.719999313354492,0.8324340989671608,0.5435651478816972,4.637914536968624,2.519999999999996,1.5106563536159234,1,4,1
2025-05-24,6,1,1,0,0,7.0,4,0,neutral,,,,,65.41,62.89,25.719999313354492,0.0,0.0,0.0,,1.2502822394519724,0,5,1
2025-05-25,13,9,27,2,2,0.0,2,0,neutral,,,,,65.41,62.89,25.719999313354492,0.0,0.0,0.0,,1.0580932733746107,0,6,1
2025-05-26,14,3,5,2,1,6.0,16,1,escalation,,,,,65.41,62.89,25.719999313354492,0.0,0.0,0.0,,0.8459521449880206,0,0,1
2025-05-27,10,2,4,0,1,9.0,2,-1,de_escalation,64.32,61.61,23.049999237060547,50313700.0,64.32,61.61,23.049999237060547,-1.6664118636294245,-2.035299729686757,-10.381027012343703,2.7099999999999937,0.9125200334756954,1,1,1
2025-05-28,13,2,2,1,1,11.0,0,0,neutral,65.72,62.54,21.489999771118164,19781000.0,65.72,62.54,21.489999771118164,2.176616915422902,1.5094952118162697,-6.767893785584878,3.1799999999999997,1.3658813873077407,1,2,1
2025-05-29,4,1,2,1,0,18.0,0,1,escalation,64.6,61.66,20.829999923706055,11331700.0,64.6,61.66,20.829999923706055,-1.704199634814374,-1.4070994563479378,-3.071195227740886,2.9399999999999977,1.5916784755561333,1,3,1
2025-05-30,19,4,7,0,2,8.0,4,-2,de_escalation,64.32,61.46,21.329999923706055,23749500.0,64.32,61.46,21.329999923706055,-0.43343653250774716,-0.3243593902043429,2.400384070241701,2.8599999999999923,1.5872182357512792,1,4,1
2025-05-31,11,0,0,0,0,1.0,3,0,neutral,,,,,64.32,61.46,21.329999923706055,0.0,0.0,0.0,,1.5872182357512792,0,5,0
2025-06-01,7,2,2,0,0,0.0,1,0,neutral,,,,,64.32,61.46,21.329999923706055,0.0,0.0,0.0,,1.3990640549823283,0,6,1
2025-06-02,9,8,10,3,1,12.0,0,2,escalation,66.55,63.27,21.38999938964844,9080800.0,66.55,63.27,21.38999938964844,3.467039800995031,2.9450048812235563,0.2812914493998786,3.279999999999994,1.9208764796605797,1,0,1
2025-06-03,5,2,2,1,0,0.0,5,1,escalation,67.48,64.1,21.84000015258789,11859300.0,67.48,64.1,21.84000015258789,1.397445529676955,1.311838153943401,2.103790443104092,3.3800000000000097,1.5995505249497077,1,1,1
2025-06-04,15,6,13,1,3,2.0,4,-2,de_escalation,66.69,63.57,21.8799991607666,7932100.0,66.69,63.57,21.8799991607666,-1.1707172495554308,-0.826833073322919,0.18314564056434168,3.1199999999999974,1.7758810025652965,1,2,1
2025-06-05,10,2,5,0,1,10.0,0,-1,de_escalation,67.14,64.06,20.1200008392334,12352300.0,67.14,64.06,20.1200008392334,0.6747638326585648,0.7708038382885141,-8.043868322852067,3.0799999999999983,1.7307722179733904,1,3,1
2025-06-06,13,6,12,0,0,7.0,6,0,neutral,68.02,65.3,20.899999618530273,7072600.0,68.02,65.3,20.899999618530273,1.31069407208817,1.9356852950358938,3.876733333807336,2.719999999999999,1.6633025498443268,1,4,1
2025-06-07,9,1,1,0,1,12.0,0,-1,de_escalation,,,,,68.02,65.3,20.899999618530273,0.0,0.0,0.0,,1.0627681454564148,0,5,1
2025-06-08,4,1,2,1,1,2.0,1,0,neutral,,,,,68.02,65.3,20.899999618530273,0.0,0.0,0.0,,0.9234505389886144,0,6,1
2025-06-09,26,5,8,2,1,0.0,3,1,escalation,68.73,65.99,21.219999313354492,6739900.0,68.73,65.99,21.219999313354492,1.0438106439282668,1.0566615620214437,1.5310990462435337,2.740000000000009,0.597384351328933,1,0,1
2025-06-10,19,4,4,2,4,8.0,3,-2,de_escalation,68.41,65.66,20.90999984741211,5700000.0,68.41,65.66,20.90999984741211,-0.46558998981522937,-0.5000757690559188,-1.4608834871511434,2.75,0.7600384663010787,1,1,1
2025-06-11,13,6,9,1,1,6.0,7,0,neutral,71.29,68.91,20.520000457763672,5997900.0,71.29,68.91,20.520000457763672,4.2099108317497524,4.949741090466042,-1.865133393086582,2.3800000000000097,1.900290983316492,1,2,1
2025-06-12,18,9,12,4,2,7.0,10,2,escalation,70.84,68.73,19.93000030517578,5551200.0,70.84,68.73,19.93000030517578,-0.6312245756768142,-0.26121027427077337,-2.8752443441816156,2.1099999999999994,1.99825757619144,1,3,1
2025-06-13,3,3,9,0,0,5.0,3,0,neutral,76.0,73.84,19.520000457763672,6015200.0,76.0,73.84,19.520000457763672,7.284020327498575,7.434890149861784,-2.05719940358271,2.1599999999999966,3.4024291798298436,1,4,1
2025-06-14,7,4,5,2,0,9.0,4,2,escalation,,,,,76.0,73.84,19.520000457763672,0.0,0.0,0.0,,3.5275881687570325,0,5,1
2025-06-15,4,3,8,1,1,0.0,6,0,neutral,,,,,76.0,73.84,19.520000457763672,0.0,0.0,0.0,,3.4488790549786286,0,6,1
2025-06-16,7,4,8,0,2,3.0,1,-2,de_escalation,75.05,72.53,18.670000076293945,22816200.0,75.05,72.53,18.670000076293945,-1.2500000000000067,-1.7741061755146337,-4.35451004885431,2.519999999999996,3.506417552473257,1,0,1
2025-06-17,23,9,11,4,2,1.0,9,2,escalation,78.7,75.62,18.510000228881836,7588700.0,78.7,75.62,18.510000228881836,4.863424383744186,4.2603060802426596,-0.8569890024546223,3.0799999999999983,3.6919333898680855,1,1,1
2025-06-18,10,1,1,0,0,1.0,2,0,neutral,78.38,75.89,18.56999969482422,7375300.0,78.38,75.89,18.56999969482422,-0.4066073697585826,0.3570483998942109,0.32414621934344634,2.489999999999995,2.4147459088536625,1,2,1
2025-06-19,22,3,3,0,0,9.0,2,0,neutral,80.37,,,,80.37,75.89,18.56999969482422,2.538912988007147,0.0,0.0,,2.5111811363903525,1,3,1
2025-06-20,12,6,9,1,2,8.0,3,-1,de_escalation,78.73,75.72,17.829999923706055,10967000.0,78.73,75.72,17.829999923706055,-2.040562398905066,-0.22400843325867115,-3.9849207500224915,3.010000000000005,2.882925899179598,1,4,1
2025-06-21,11,6,23,3,0,15.0,0,3,escalation,,,,,78.73,75.72,17.829999923706055,0.0,0.0,0.0,,2.7164988109282375,0,5,1
2025-06-22,9,5,17,0,1,0.0,1,-1,de_escalation,,,,,78.73,75.72,17.829999923706055,0.0,0.0,0.0,,1.6411596703230498,0,6,1
2025-06-23,19,12,26,3,5,9.0,3,-2,de_escalation,74.34,69.36,17.889999389648438,14827300.0,74.34,69.36,17.889999389648438,-5.576019306490543,-8.39936608557844,0.3365085036405979,4.980000000000004,3.0226404620026655,1,0,1
2025-06-24,27,18,44,8,5,1.0,10,3,escalation,69.13,65.45,18.209999084472656,8915600.0,69.13,65.45,18.209999084472656,-7.008340059187523,-5.637254901960775,1.7887071310319858,3.6799999999999926,3.224711199136969,1,1,1
2025-06-25,21,10,20,6,3,3.0,9,3,escalation,68.4,65.98,17.739999771118164,8136500.0,68.4,65.98,17.739999771118164,-1.0559814841602622,0.8097784568372735,-2.5809958099078267,2.4200000000000017,3.32084849422943,1,2,1
2025-06-26,17,4,9,1,2,8.0,7,-1,de_escalation,68.57,66.44,17.81999969482422,8657100.0,68.57,66.44,17.81999969482422,0.24853801169588685,0.6971809639284565,0.45095786210944677,2.1299999999999955,3.3733371117699935,1,3,1
2025-06-27,12,6,26,3,1,10.0,0,2,escalation,69.37,66.66,17.399999618530273,8946500.0,69.37,66.66,17.399999618530273,1.1666909727286123,0.3311258278145601,-2.3569028254020297,2.710000000000008,3.6351129807471225,1,4,1
2025-06-28,17,7,14,3,2,7.0,6,1,escalation,,,,,69.37,66.66,17.399999618530273,0.0,0.0,0.0,,3.271573775638425,0,5,1
2025-06-29,24,5,7,1,1,0.0,5,0,neutral,,,,,69.37,66.66,17.399999618530273,0.0,0.0,0.0,,0.7924998597325177,0,6,1
2025-06-30,16,3,5,1,0,2.0,4,1,escalation,68.15,66.3,18.040000915527344,8687300.0,68.15,66.3,18.040000915527344,-1.7586853106530187,-0.5400540054005365,3.6781684541848714,1.8500000000000085,1.059754752455206,1,0,1
2025-07-01,22,4,8,0,1,0.0,13,-1,de_escalation,67.63,66.64,17.729999542236328,6082800.0,67.63,66.64,17.729999542236328,-0.7630227439471948,0.512820512820511,-1.7184110729406399,0.9899999999999949,1.0804086376345126,1,1,1
2025-07-02,28,9,12,2,5,7.0,17,-3,de_escalation,70.8,68.66,18.190000534057617,5818700.0,70.8,68.66,18.190000534057617,4.687268963477753,3.0312124849939837,2.594478306248549,2.1400000000000006,2.4853439025443484,1,2,1
2025-07-03,28,2,2,1,0,0.0,8,1,escalation,70.42,68.13,18.950000762939453,8611600.0,70.42,68.13,18.950000762939453,-0.5367231638418013,-0.7719196038450393,4.178120981683686,2.2900000000000063,2.520075263774027,1,3,1
2025-07-04,9,0,0,0,0,0.0,6,0,neutral,71.03,,,,71.03,68.13,18.950000762939453,0.86623118432263,0.0,0.0,,2.521855591252036,1,4,0
2025-07-05,5,2,2,0,0,10.0,0,0,neutral,,,,,71.03,68.13,18.950000762939453,0.0,0.0,0.0,,2.234515452854201,0,5,1
2025-07-06,6,4,6,0,2,10.0,0,-2,de_escalation,,,,,71.03,68.13,18.950000762939453,0.0,0.0,0.0,,2.1198648715144444,0,6,1
2025-07-07,6,3,3,3,0,10.0,0,3,escalation,71.95,69.16,18.729999542236328,9295200.0,71.95,69.16,18.729999542236328,1.2952273687174554,1.5118156465580457,-1.1609562630381598,2.7900000000000063,0.7396095488481395,1,0,1
2025-07-08,8,3,5,0,1,10.0,0,-1,de_escalation,72.5,69.55,19.25,9216100.0,72.5,69.55,19.25,0.7644197359277127,0.5639097744360999,2.7762972262282526,2.950000000000003,0.570121737366869,1,1,1
2025-07-09,20,7,10,0,4,9.0,1,-4,de_escalation,71.98,69.61,19.030000686645508,6991600.0,71.98,69.61,19.030000686645508,-0.7172413793103405,0.0862688713155979,-1.1428535758674974,2.3700000000000045,0.7771705152769184,1,2,1
2025-07-10,11,3,4,1,1,9.0,1,0,neutral,70.38,67.78,18.93000030517578,5351200.0,70.38,67.78,18.93000030517578,-2.2228396776882597,-2.628932624622893,-0.5254880602285183,2.5999999999999943,1.374988191709243,1,3,1
2025-07-11,13,2,2,2,1,10.0,0,1,escalation,72.06,69.63,18.520000457763672,6214300.0,72.06,69.63,18.520000457763672,2.3870417732310356,2.729418707583342,-2.1658734326592044,2.430000000000007,1.8000970737862174,1,4,1
2025-07-12,6,4,6,1,1,8.0,3,0,neutral,,,,,72.06,69.63,18.520000457763672,0.0,0.0,0.0,,1.7123683197267239,0,5,1
2025-07-13,1,0,0,0,0,9.0,1,0,neutral,,,,,72.06,69.63,18.520000457763672,0.0,0.0,0.0,,1.6652514349319862,0,6,0
2025-07-14,4,1,1,0,0,7.0,1,0,neutral,70.96,68.19,18.280000686645508,4792400.0,70.96,68.19,18.280000686645508,-1.5265056897030393,-2.068074105988793,-1.29589506039971,2.769999999999996,1.7746851878585779,1,0,1
2025-07-15,16,5,7,0,2,9.0,2,-2,de_escalation,70.27,67.76,17.940000534057617,5045600.0,70.27,67.76,17.940000534057617,-0.9723788049605386,-0.6305909957471711,-1.8599570011847866,2.509999999999991,1.4975986469440579,1,1,1
2025-07-16,20,6,6,4,1,8.0,3,3,escalation,69.67,67.13,18.93000030517578,8592500.0,69.67,67.13,18.93000030517578,-0.8538494378824479,-0.9297520661157188,5.518393208733352,2.5400000000000063,0.6626903611633557,1,2,1
2025-07-17,15,1,1,1,0,10.0,0,1,escalation,71.32,68.76,19.15999984741211,7480100.0,71.32,68.76,19.15999984741211,2.3683077364719196,2.428124534485332,1.2150002035311136,2.559999999999988,1.5345896496403968,1,3,1
2025-07-18,28,14,45,1,10,0.0,10,-9,de_escalation,71.06,68.53,18.670000076293945,8004500.0,71.06,68.53,18.670000076293945,-0.3645541222658366,-0.3344968004653892,-2.5574100992717286,2.530000000000001,1.5315540054503824,1,4,1
2025-07-19,11,1,3,1,0,9.0,2,1,escalation,,,,,71.06,68.53,18.670000076293945,0.0,0.0,0.0,,1.3610710483022987,0,5,1
2025-07-20,18,5,5,4,2,7.0,5,2,escalation,,,,,71.06,68.53,18.670000076293945,0.0,0.0,0.0,,1.245630782206409,0,6,1
2025-07-21,23,6,13,2,5,9.0,1,-3,de_escalation,71.92,68.39,19.25,25486600.0,71.92,68.39,19.25,1.2102448634956353,-0.20429009193053682,3.1065876879267096,3.530000000000001,1.1336353723064478,1,0,1
2025-07-22,15,5,11,2,3,11.0,0,-1,de_escalation,69.69,67.56,19.86000061035156,16851100.0,69.69,67.56,19.86000061035156,-3.1006674082313723,-1.2136277233513626,3.1688343394886243,2.1299999999999955,1.596460676027013,1,1,1
2025-07-23,13,5,7,0,5,9.0,6,-5,de_escalation,69.17,66.05,19.59000015258789,9158800.0,69.17,66.05,19.59000015258789,-0.746161572679005,-2.2350503256364784,-1.3595188794855217,3.1200000000000045,1.600411895184164,1,2,1
2025-07-24,15,5,11,2,5,9.0,1,-3,de_escalation,70.42,67.16,19.11000061035156,8230300.0,70.42,67.16,19.11000061035156,1.807141824490377,1.6805450416351286,-2.4502273532291063,3.260000000000005,1.921181587525805,1,3,1
2025-07-25,6,0,0,0,0,10.0,0,0,neutral,69.23,66.38,19.149999618530273,5274300.0,69.23,66.38,19.149999618530273,-1.6898608349900535,-1.1614055985705751,0.20930929827940314,2.8500000000000085,2.030246392929958,1,4,0
2025-07-26,13,4,13,0,4,9.0,1,-4,de_escalation,,,,,69.23,66.38,19.149999618530273,0.0,0.0,0.0,,1.8378235116858044,0,5,1
2025-07-27,3,2,3,0,1,11.0,0,-1,de_escalation,,,,,69.23,66.38,19.149999618530273,0.0,0.0,0.0,,1.2844308224286192,0,6,1
2025-07-28,11,5,7,1,3,10.0,0,-2,de_escalation,70.87,67.81,18.790000915527344,4786000.0,70.87,67.81,18.790000915527344,2.368915210168998,2.1542633323290206,-1.8798888259746072,3.0600000000000023,1.6199472352345041,1,0,1
2025-07-29,10,4,6,1,0,3.0,3,1,escalation,73.21,70.27,17.809999465942383,7372100.0,73.21,70.27,17.809999465942383,3.301820234231667,3.627783512756211,-5.215547641485873,2.9399999999999977,2.0124570332441216,1,1,1
2025-07-30,40,4,13,0,2,6.0,36,-2,de_escalation,73.98,71.09,17.770000457763672,5021300.0,73.98,71.09,17.770000457763672,1.0517688840322448,1.1669275651060351,-0.22458736315630334,2.8900000000000006,1.4647167839219168,1,2,1
2025-07-31,37,8,10,4,3,0.0,16,1,escalation,73.43,70.36,17.59000015258789,5753200.0,73.43,70.36,17.59000015258789,-0.7434441741011044,-1.026867351244909,-1.0129448539048291,3.0700000000000074,1.6600354733974296,1,3,1
2025-08-01,17,7,8,3,1,0.0,8,2,escalation,70.55,68.39,16.920000076293945,6876100.0,70.55,68.39,16.920000076293945,-3.9221026828272,-2.7998862990335383,-3.8089827770432017,2.1599999999999966,2.859605646076901,1,4,1
2025-08-02,7,2,2,3,0,7.0,1,3,escalation,,,,,70.55,68.39,16.920000076293945,0.0,0.0,0.0,,2.6421757044669993,0,5,1
2025-08-03,5,2,4,2,0,1.0,1,2,escalation,,,,,70.55,68.39,16.920000076293945,0.0,0.0,0.0,,1.899337926264429,0,6,1
2025-08-04,15,6,9,6,0,8.0,3,6,escalation,69.56,67.33,16.889999389648438,4771000.0,69.56,67.33,16.889999389648438,-1.4032600992204047,-1.5499342009065664,-0.17730902192808484,2.230000000000004,1.6231646578912928,1,0,1
2025-08-05,12,2,2,2,0,0.0,2,2,escalation,69.14,66.2,16.389999389648438,6991500.0,69.14,66.2,16.389999389648438,-0.6037952846463468,-1.6783009059854415,-2.960331664111493,2.9399999999999977,1.6344428737720633,1,1,1
2025-08-06,14,4,4,1,1,9.0,2,0,neutral,67.97,65.38,16.25,6931600.0,67.97,65.38,16.25,-1.6922186867225908,-1.2386706948640636,-0.854175685551628,2.5900000000000034,0.7842808817081091,1,2,1
2025-08-07,24,6,11,1,1,7.0,6,0,neutral,66.99,64.9,17.1299991607666,7204700.0,66.99,64.9,17.1299991607666,-1.4418125643666402,-0.7341694707861612,5.415379450871405,2.089999999999989,0.705333404968747,1,3,1
2025-08-08,27,6,9,0,3,1.0,1,-3,de_escalation,67.17,64.94,16.989999771118164,8483500.0,67.17,64.94,16.989999771118164,0.2686968204209661,0.06163328197226203,-0.8172761033700571,2.230000000000004,0.8062717728271364,1,4,1
2025-08-09,9,3,6,0,3,8.0,7,-3,de_escalation,,,,,67.17,64.94,16.989999771118164,0.0,0.0,0.0,,0.862006682861035,0,5,1
2025-08-10,5,1,1,0,0,11.0,0,0,neutral,,,,,67.17,64.94,16.989999771118164,0.0,0.0,0.0,,0.9182316232640241,0,6,1
2025-08-11,23,9,14,2,2,7.0,4,0,neutral,67.36,65.03,17.239999771118164,6174600.0,67.36,65.03,17.239999771118164,0.2828643739764658,0.13858946720048948,1.4714538161735735,2.3299999999999983,0.7198132059410451,1,0,1
2025-08-12,17,4,4,2,0,7.0,6,2,escalation,66.8,64.22,17.459999084472656,4952700.0,66.8,64.22,17.459999084472656,-0.8313539192399078,-1.2455789635552827,1.2760981222462275,2.5799999999999983,0.4548908607100183,1,1,1
2025-08-13,18,5,8,0,3,6.0,5,-3,de_escalation,66.25,63.68,17.979999542236328,6543700.0,66.25,63.68,17.979999542236328,-0.8233532934131649,-0.8408595453129886,2.9782387458777926,2.5700000000000003,0.5178517365205196,1,2,1
2025-08-14,15,3,3,2,1,7.0,9,1,escalation,68.12,64.99,17.6200008392334,4690500.0,68.12,64.99,17.6200008392334,2.822641509433965,2.0571608040200973,-2.002217531525885,3.1300000000000097,1.499617782389926,1,3,1
2025-08-15,6,2,2,1,0,6.0,5,1,escalation,67.3,63.78,18.5,8786600.0,67.3,63.78,18.5,-1.2037580739870934,-1.8618248961378536,4.994319630264488,3.519999999999996,1.6472101428668091,1,4,1
2025-08-16,7,1,3,0,1,4.0,1,-1,de_escalation,,,,,67.3,63.78,18.5,0.0,0.0,0.0,,1.6420369901189755,0,5,1
2025-08-17,36,5,9,3,1,9.0,6,2,escalation,,,,,67.3,63.78,18.5,0.0,0.0,0.0,,1.5785812931130767,0,6,1
2025-08-18,15,5,12,3,1,6.0,7,2,escalation,68.18,64.51,18.40999984741211,4693800.0,68.18,64.51,18.40999984741211,1.3075780089153222,1.1445594230166334,-0.48648731128589917,3.6700000000000017,1.5340521115496704,1,0,1
2025-08-19,34,14,39,0,12,6.0,15,-12,de_escalation,66.62,63.38,17.40999984741211,5736100.0,66.62,63.38,17.40999984741211,-2.2880610149604075,-1.751666408308794,-5.431830571908291,3.240000000000002,1.363803059382995,1,1,1
2025-08-20,12,5,5,1,3,8.0,3,-2,de_escalation,67.61,64.19,17.059999465942383,5848600.0,67.61,64.19,17.059999465942383,1.4860402281597018,1.2780056800252293,-2.010341094412771,3.4200000000000017,1.508491083527101,1,2,1
2025-08-21,21,4,10,3,0,0.0,11,3,escalation,68.41,64.56,17.3799991607666,3803500.0,68.41,64.56,17.3799991607666,1.1832569146575933,0.5764137716155249,1.8757309779701137,3.8499999999999943,1.5797924947332636,1,3,1
2025-08-22,17,5,7,1,3,1.0,4,-2,de_escalation,68.29,64.08,17.8700008392334,5763600.0,68.29,64.08,17.8700008392334,-0.17541295132289525,-0.743494423791824,2.8193423597678846,4.210000000000008,1.5910758166443906,1,4,1
2025-08-23,3,1,2,0,1,12.0,0,-1,de_escalation,,,,,68.29,64.08,17.8700008392334,0.0,0.0,0.0,,1.4887858107756526,0,5,1
2025-08-24,12,5,6,4,3,10.0,0,1,escalation,,,,,68.29,64.08,17.8700008392334,0.0,0.0,0.0,,0.773836306522347,0,6,1
2025-08-25,12,2,4,0,1,8.0,3,-1,de_escalation,,65.18,17.219999313354492,3993400.0,68.29,65.18,17.219999313354492,0.0,1.7166042446941532,-3.6373894535686624,,0.5540118993962921,0,0,1
2025-08-26,9,4,4,2,0,9.0,1,2,escalation,66.89,63.6,18.1200008392334,16263300.0,66.89,63.6,18.1200008392334,-2.0500805388783183,-2.4240564590365277,5.226489905728027,3.289999999999999,0.9004215213434484,1,1,1
2025-08-27,13,2,4,2,0,0.0,9,2,escalation,67.75,64.49,17.920000076293945,7655200.0,67.75,64.49,17.920000076293945,1.2856929286888974,1.3993710691823757,-1.1037569187436924,3.260000000000005,1.197808294244743,1,2,1
2025-08-28,6,0,0,1,0,2.0,1,1,escalation,68.61,64.96,17.954999923706055,4285400.0,68.61,64.96,17.954999923706055,1.2693726937269334,0.7287951620406297,0.19531164767354614,3.6500000000000057,1.3616296827174337,1,3,0
2025-08-29,5,2,4,2,0,9.0,1,2,escalation,67.83,64.36,17.530000686645508,4420500.0,67.83,64.36,17.530000686645508,-1.13686051595977,-0.9236453201970307,-2.367024443700605,3.469999999999999,1.4730701000526372,1,4,1
2025-08-30,36,3,3,0,1,13.0,0,-1,de_escalation,,,,,67.83,64.36,17.530000686645508,0.0,0.0,0.0,,1.4730701000526372,0,5,1
2025-08-31,24,8,15,6,0,9.0,2,6,escalation,,,,,67.83,64.36,17.530000686645508,0.0,0.0,0.0,,1.0191300248757371,0,6,1
2025-09-01,6,2,4,0,1,7.0,3,-1,de_escalation,67.09,,,,67.09,64.36,17.530000686645508,-1.090962700869813,0.0,0.0,,0.9887154547656604,1,0,1
2025-09-02,6,4,9,4,0,7.0,2,4,escalation,68.09,65.95,17.079999923706055,7835100.0,68.09,65.95,17.079999923706055,1.4905351021016644,2.4704785581106226,-2.5670322037252835,2.1400000000000006,1.0718707460802879,1,1,1
2025-09-03,5,0,0,0,0,11.0,0,0,neutral,67.76,64.36,16.969999313354492,4005400.0,67.76,64.36,16.969999313354492,-0.4846526655896577,-2.41091736163761,-0.6440316794081968,3.4000000000000057,0.9546380179514209,1,2,0
2025-09-04,13,5,7,1,4,0.0,7,-3,de_escalation,66.41,63.81,16.760000228881836,4374900.0,66.41,63.81,16.760000228881836,-1.9923258559622292,-0.8545680546923506,-1.2374725572758205,2.5999999999999943,1.2993288450327451,1,3,1
2025-09-05,8,2,2,0,1,6.0,3,-1,de_escalation,64.92,62.22,16.68000030517578,6611400.0,64.92,62.22,16.68000030517578,-2.2436380063243444,-2.4917724494593396,-0.47732650724069403,2.700000000000003,1.4929645058093846,1,4,1
2025-09-06,4,2,2,1,0,11.0,0,1,escalation,,,,,64.92,62.22,16.68000030517578,0.0,0.0,0.0,,1.5307818029680365,0,5,1
2025-09-07,4,2,2,1,1,13.0,0,0,neutral,,,,,64.92,62.22,16.68000030517578,0.0,0.0,0.0,,1.0933112486124652,0,6,1
2025-09-08,17,6,6,3,1,7.0,12,2,escalation,65.44,62.6,17.049999237060547,7236600.0,65.44,62.6,17.049999237060547,0.800985828712264,0.6107360977177789,2.218218975511377,2.8399999999999963,1.3495404124487107,1,0,1
2025-09-09,8,2,7,2,1,9.0,1,1,escalation,67.97,62.97,16.899999618530273,5130000.0,67.97,62.97,16.899999618530273,3.8661369193154105,0.5910543130990265,-0.8797631979022502,5.0,2.204985760807811,1,1,1
2025-09-10,7,1,2,0,0,8.0,2,0,neutral,67.62,64.01,16.8799991607666,5916800.0,67.62,64.01,16.8799991607666,-0.5149330587023604,1.6515801175162936,-0.11834590659837163,3.6099999999999994,1.7610801506751599,1,2,1
2025-09-11,12,2,4,1,1,0.0,4,0,neutral,67.25,62.71,16.920000076293945,5522200.0,67.25,62.71,16.920000076293945,-0.5471753918958933,-2.030932666770824,0.2369722601664348,4.539999999999999,1.8407827359711944,1,3,1
2025-09-12,3,0,0,0,0,0.0,3,0,neutral,67.87,63.02,16.989999771118164,6018800.0,67.87,63.02,16.989999771118164,0.9219330855018582,0.4943390208898224,0.4137097784195243,4.850000000000001,1.7961389167955382,1,4,0
2025-09-13,5,1,6,1,0,7.0,2,1,escalation,,,,,67.87,63.02,16.989999771118164,0.0,0.0,0.0,,1.8428900100639458,0,5,1
2025-09-14,7,1,1,3,0,14.0,0,3,escalation,,,,,67.87,63.02,16.989999771118164,0.0,0.0,0.0,,0.5938408355754846,0,6,1
2025-09-15,18,4,8,1,4,0.0,10,-3,de_escalation,67.88,63.66,17.459999084472656,8903800.0,67.88,63.66,17.459999084472656,0.014734050390430298,1.0155506188511465,2.766329132937706,4.219999999999999,0.5289701910675141,1,0,1
2025-09-16,35,4,4,4,0,10.0,0,4,escalation,69.69,64.89,17.479999542236328,5545500.0,69.69,64.89,17.479999542236328,2.666470241602825,1.9321394910461809,0.11455016501953352,4.799999999999997,1.1579854774042735,1,1,1
2025-09-17,2,0,0,0,0,20.0,0,0,neutral,69.19,64.41,16.920000076293945,8003500.0,69.19,64.41,16.920000076293945,-0.717463050652889,-0.7397133610725914,-3.2036583558785248,4.780000000000001,1.30898605207029,1,2,0
2025-09-18,9,4,4,2,1,14.0,0,1,escalation,67.83,63.91,16.93000030517578,8616700.0,67.83,63.91,16.93000030517578,-1.9656019656019597,-0.7762769756249011,0.05910300730935791,3.9200000000000017,1.694743658003017,1,3,1
2025-09-19,8,3,8,1,4,11.0,0,-3,de_escalation,67.05,63.02,17.440000534057617,18957500.0,67.05,63.02,17.440000534057617,-1.1499336576735963,-1.3925833202941496,3.012405314168376,4.029999999999994,1.7709916936016261,1,4,1
2025-09-20,19,0,0,0,0,0.0,2,0,neutral,,,,,67.05,63.02,17.440000534057617,0.0,0.0,0.0,,1.770494109419006,0,5,0
2025-09-21,4,1,1,1,0,12.0,0,1,escalation,,,,,67.05,63.02,17.440000534057617,0.0,0.0,0.0,,0.8310108252022862,0,6,1
2025-09-22,4,3,3,2,1,11.0,0,1,escalation,66.87,62.99,17.600000381469727,8674600.0,66.87,62.99,17.600000381469727,-0.26845637583891024,-0.04760393525864437,0.9174302896359121,3.8800000000000026,0.8613545959625528,1,0,1
2025-09-23,14,7,15,3,0,9.0,1,3,escalation,67.96,63.76,17.469999313354492,6541700.0,67.96,63.76,17.469999313354492,1.6300284133393017,1.2224162565486418,-0.7386424164632754,4.199999999999996,1.0052923343870437,1,1,1
2025-09-24,5,3,5,2,0,14.0,0,2,escalation,69.64,65.4,17.0,6155500.0,69.64,65.4,17.0,2.4720423778693545,2.5721455457967446,-2.690322448926563,4.239999999999995,1.2145714341752198,1,2,1
2025-09-25,14,5,5,2,0,8.0,10,2,escalation,70.48,65.51,16.81999969482422,6092000.0,70.48,65.51,16.81999969482422,1.2062033314187204,0.16819571865442917,-1.0588253245634172,4.969999999999999,1.1418218845950505,1,3,1
2025-09-26,11,1,3,1,1,6.0,4,0,neutral,71.15,66.5,16.93000030517578,4644200.0,71.15,66.5,16.93000030517578,0.9506242905788831,1.511219661120422,0.6539869937418175,4.650000000000006,1.0026949723067073,1,4,1
2025-09-27,10,1,2,1,0,0.0,2,1,escalation,,,,,71.15,66.5,16.93000030517578,0.0,0.0,0.0,,0.9071710554620391,0,5,1
2025-09-28,21,1,1,1,0,8.0,1,1,escalation,,,,,71.15,66.5,16.93000030517578,0.0,0.0,0.0,,1.0227804067115898,0,6,1
2025-09-29,4,3,4,0,2,8.0,3,-2,de_escalation,69.0,64.27,16.90999984741211,5352300.0,69.0,64.27,16.90999984741211,-3.021784961349272,-3.3533834586466194,-0.11813619257619035,4.730000000000004,1.683758231711218,1,0,1
2025-09-30,1,1,1,0,1,12.0,0,-1,de_escalation,68.52,63.17,16.420000076293945,6573700.0,68.52,63.17,16.420000076293945,-0.6956521739130528,-1.711529484985208,-2.897692345001135,5.349999999999994,1.4989790006904777,1,1,1
2025-10-01,13,3,5,1,2,9.0,2,-1,de_escalation,66.67,62.59,16.6200008392334,5436600.0,66.67,62.59,16.6200008392334,-2.699941622883817,-0.9181573531739762,1.2180314373335444,4.079999999999998,1.4720946845894443,1,2,1
2025-10-02,10,1,1,1,0,7.0,6,1,escalation,65.44,61.28,17.200000762939453,10125200.0,65.44,61.28,17.200000762939453,-1.8449077546122794,-2.092986100015981,3.489770724541108,4.159999999999997,1.28990406677528,1,3,1
2025-10-03,8,5,14,2,2,10.0,0,0,neutral,66.13,61.65,17.34000015258789,8611700.0,66.13,61.65,17.34000015258789,1.0544009779950958,0.6037859007832935,0.8139499037121745,4.479999999999997,1.6605363843998198,1,4,1
2025-10-04,5,2,5,0,3,11.0,0,-3,de_escalation,,,,,66.13,61.65,17.34000015258789,0.0,0.0,0.0,,1.4819223290483603,0,5,1
2025-10-05,10,4,6,1,2,10.0,0,-1,de_escalation,,,,,66.13,61.65,17.34000015258789,0.0,0.0,0.0,,1.5303990334623667,0,6,1
2025-10-06,12,3,3,0,1,6.0,6,-1,de_escalation,67.09,62.49,17.6200008392334,8651100.0,67.09,62.49,17.6200008392334,1.4516860728867487,1.362530413625307,1.614767498163605,4.600000000000001,1.2782220940896531,1,0,1
2025-10-07,13,2,6,1,1,8.0,3,0,neutral,67.1,62.52,17.020000457763672,5837700.0,67.1,62.52,17.020000457763672,0.014905351020999547,0.048007681228989796,-3.4052233421790867,4.579999999999991,0.6979067824589862,1,1,1
2025-10-08,9,5,11,0,3,0.0,6,-3,de_escalation,67.42,63.37,17.260000228881836,5181600.0,67.42,63.37,17.260000228881836,0.47690014903130074,1.3595649392194487,1.4101043752245523,4.050000000000004,0.6284139712465493,1,2,1
2025-10-09,16,9,11,2,6,7.0,3,-4,de_escalation,67.23,62.36,17.06999969482422,3951700.0,67.23,62.36,17.06999969482422,-0.28181548501927667,-1.5938141076219048,-1.1008142035808466,4.8700000000000045,0.6823186314348,1,3,1
2025-10-10,5,2,9,1,1,7.0,9,0,neutral,64.41,59.75,15.970000267028809,11029800.0,64.41,59.75,15.970000267028809,-4.194556001784933,-4.185375240538802,-6.444050658823031,4.659999999999997,2.1636584910714762,1,4,1
2025-10-11,5,2,4,1,0,0.0,5,1,escalation,,,,,64.41,59.75,15.970000267028809,0.0,0.0,0.0,,1.9187250142207528,0,5,1
2025-10-12,9,3,4,0,0,0.0,3,0,neutral,,,,,64.41,59.75,15.970000267028809,0.0,0.0,0.0,,1.9171593292889932,0,6,1
2025-10-13,8,5,6,1,3,8.0,5,-2,de_escalation,64.15,,16.559999465942383,5796800.0,64.15,59.75,16.559999465942383,-0.4036640273249348,0.0,3.694421972751427,,1.8078796518871536,1,0,1
2025-10-14,27,14,28,2,10,0.0,4,-8,de_escalation,63.0,59.52,16.280000686645508,3922300.0,63.0,59.52,16.280000686645508,-1.7926734216679785,-0.3849372384937211,-1.690813939171476,3.479999999999997,1.7890094239537908,1,1,1
2025-10-15,1,0,0,0,0,0.0,3,0,neutral,62.33,59.08,16.270000457763672,3848900.0,62.33,59.08,16.270000457763672,-1.0634920634920664,-0.7392473118279619,-0.06142646474234237,3.25,0.7717415893172942,1,2,0
2025-10-16,8,4,6,0,6,11.0,0,-6,de_escalation,61.08,58.29,15.779999732971191,6234700.0,61.08,58.29,15.779999732971191,-2.0054548371570724,-1.3371699390656744,-3.0116823048930152,2.789999999999999,0.8638349466450663,1,3,1
2025-10-17,6,4,11,0,3,16.0,0,-3,de_escalation,61.23,58.3,16.18000030517578,7524100.0,61.23,58.3,16.18000030517578,0.24557956777995216,0.01715560130381988,2.5348579149137462,2.9299999999999997,0.9421132125970034,1,4,1
2025-10-18,3,1,2,1,0,14.0,0,1,escalation,,,,,61.23,58.3,16.18000030517578,0.0,0.0,0.0,,1.0204515353929648,0,5,1
2025-10-19,5,2,2,2,0,0.0,5,2,escalation,,,,,61.23,58.3,16.18000030517578,0.0,0.0,0.0,,0.9511694352001245,0,6,1
2025-10-20,6,2,4,0,1,15.0,0,-1,de_escalation,60.71,58.34,15.989999771118164,4612600.0,60.71,58.34,15.989999771118164,-0.8492569002123029,0.06861063464838058,-1.1742925245609492,2.3699999999999974,0.9276154341736373,1,0,1
2025-10-21,3,2,6,0,1,9.0,1,-1,de_escalation,61.0,58.66,15.960000038146973,3731300.0,61.0,58.66,15.960000038146973,0.47768077746663806,0.5485087418580559,-0.18761559349974588,2.3400000000000034,0.5016349532921457,1,1,1
2025-10-22,17,6,8,0,2,12.0,0,-2,de_escalation,62.28,59.3,15.65999984741211,5265500.0,62.28,59.3,15.65999984741211,2.0983606557376966,1.0910330719399841,-1.8797004387081095,2.980000000000004,1.0904330200190135,1,2,1
2025-10-23,16,6,6,4,1,0.0,1,3,escalation,66.32,62.44,15.899999618530272,3654800.0,66.32,62.44,15.899999618530272,6.486833654463697,5.295109612141657,1.5325656031715873,3.8799999999999955,2.9128525436455495,1,3,1
2025-10-24,7,5,7,0,1,7.0,4,-1,de_escalation,65.8,62.27,15.84000015258789,3425500.0,65.8,62.27,15.84000015258789,-0.7840772014475195,-0.2722613709160715,-0.3773551407665221,3.529999999999994,3.041656855860992,1,4,1
2025-10-25,42,35,83,0,27,0.0,27,-27,de_escalation,,,,,65.8,62.27,15.84000015258789,0.0,0.0,0.0,,2.8990250687534513,0,5,1
2025-10-26,5,1,3,0,1,14.0,0,-1,de_escalation,,,,,65.8,62.27,15.84000015258789,0.0,0.0,0.0,,2.9548866192783962,0,6,1
2025-10-27,10,4,8,2,1,0.0,15,1,escalation,65.52,62.13,16.030000686645508,4037200.0,65.52,62.13,16.030000686645508,-0.42553191489361764,-0.22482736470210707,1.1994983095159562,3.3899999999999935,3.0538928257206837,1,0,1
2025-10-28,10,4,6,1,2,2.0,8,-1,de_escalation,64.03,60.97,16.15999984741211,10763800.0,64.03,60.97,16.15999984741211,-2.274114774114766,-1.867052953484638,0.8109741434690232,3.0600000000000023,0.9407691062746454,1,1,1
2025-10-29,34,9,21,1,4,0.0,9,-3,de_escalation,65.01,61.26,15.979999542236328,3845900.0,65.01,61.26,15.979999542236328,1.5305325628611754,0.4756437592258411,-1.1138632851200647,3.750000000000007,1.362152687332358,1,2,1
2025-10-30,15,5,13,1,2,3.0,4,-1,de_escalation,65.11,61.36,15.329999923706056,5919200.0,65.11,61.36,15.329999923706056,0.15382248884785454,0.1632386549134779,-4.067582209951093,3.75,1.3704655485217236,1,3,1
2025-10-31,6,3,3,1,2,11.0,0,-1,de_escalation,65.44,61.75,15.324999809265137,4520100.0,65.44,61.75,15.324999809265137,0.5068345876209523,0.6355932203389925,-0.032616532718876545,3.6899999999999977,1.4074837730351604,1,4,1
2025-11-01,11,5,11,4,2,10.0,0,2,escalation,,,,,65.44,61.75,15.324999809265137,0.0,0.0,0.0,,1.3958237060526173,0,5,1
2025-11-02,68,58,136,0,48,1.0,3,-48,de_escalation,,,,,65.44,61.75,15.324999809265137,0.0,0.0,0.0,,0.6447499856846072,0,6,1
2025-11-03,70,67,170,2,49,14.0,0,-47,de_escalation,65.79,61.79,14.520000457763672,6977200.0,65.79,61.79,14.520000457763672,0.5348410757946231,0.06477732793521707,-5.2528506461369195,4.000000000000007,0.264931343572402,1,0,1
2025-11-04,18,6,14,0,5,8.0,4,-5,de_escalation,65.04,61.38,13.81999969482422,7190900.0,65.04,61.38,13.81999969482422,-1.1399908800729608,-0.6635377892862837,-4.820941741535345,3.6600000000000037,0.6783403102149879,1,1,1
2025-11-05,32,6,7,2,0,8.0,2,2,escalation,63.54,60.4,14.170000076293944,5069000.0,63.54,60.4,14.170000076293944,-2.306273062730635,-1.5966112740306349,2.5325643212626314,3.1400000000000006,1.1411894015428632,1,2,1
2025-11-06,5,4,9,0,2,9.0,1,-2,de_escalation,63.41,60.24,13.329999923706056,6929900.0,63.41,60.24,13.329999923706056,-0.2045955303745739,-0.26490066225165476,-5.928017982111278,3.1699999999999946,1.1185341773238637,1,3,1
2025-11-07,15,7,10,2,4,8.0,3,-2,de_escalation,63.72,60.54,13.100000381469728,9007100.0,63.72,60.54,13.100000381469728,0.48888187982969455,0.4980079681274896,-1.7254279336288425,3.1799999999999997,1.2046809940795171,1,4,1
2025-11-08,9,1,1,1,1,8.0,5,0,neutral,,,,,63.72,60.54,13.100000381469728,0.0,0.0,0.0,,1.1067654459995055,0,5,1
2025-11-09,35,10,14,3,3,7.0,8,0,neutral,,,,,63.72,60.54,13.100000381469728,0.0,0.0,0.0,,1.0933977100784777,0,6,1
2025-11-10,9,5,5,2,1,8.0,6,1,escalation,63.01,60.94,13.43000030517578,5247900.0,63.01,60.94,13.43000030517578,-1.1142498430634085,0.6607201850016509,2.5190833137138213,2.0700000000000003,0.5883556866593056,1,0,1
2025-11-11,17,3,5,0,2,0.0,13,-2,de_escalation,63.86,,12.899999618530272,4548400.0,63.86,60.94,12.899999618530272,1.348992223456591,0.0,-3.9463937051531617,,0.8938137124343012,1,1,1
2025-11-12,5,0,0,0,0,0.0,1,0,neutral,61.88,59.3,12.640000343322754,4314400.0,61.88,59.3,12.640000343322754,-3.1005324146570534,-2.6911716442402422,-2.015498317023512,2.5800000000000054,1.6607290177776617,1,2,0
2025-11-13,0,0,0,0,0,,0,0,no_posts,62.14,59.54,12.029999732971191,6656600.0,62.14,59.54,12.029999732971191,0.42016806722688926,0.4047217537942682,-4.825954064738635,2.6000000000000014,1.7069682063265461,1,3,0
2025-11-14,15,3,7,0,1,7.0,3,-1,de_escalation,63.45,60.87,11.06999969482422,9911100.0,63.45,60.87,11.06999969482422,2.108142903121979,2.2337924084648852,-7.980050369542846,2.5800000000000054,2.0780196863261913,1,4,1
2025-11-15,6,1,1,0,0,0.0,5,0,neutral,,,,,63.45,60.87,11.06999969482422,0.0,0.0,0.0,,1.9958215356914057,0,5,1
2025-11-16,10,5,7,0,3,10.0,0,-3,de_escalation,,,,,63.45,60.87,11.06999969482422,0.0,0.0,0.0,,1.8820614683621908,0,6,1
2025-11-17,21,2,3,1,1,0.0,17,0,neutral,63.16,60.66,10.850000381469728,9925800.0,63.16,60.66,10.850000381469728,-0.45705279747834116,-0.3449975357318835,-1.9873470588924524,2.5,0.9964540732827207,1,0,1
2025-11-18,6,4,7,3,1,7.0,3,2,escalation,64.86,61.51,10.770000457763672,7903800.0,64.86,61.51,10.770000457763672,2.6915769474350926,1.4012528849324024,-0.7373264598468099,3.3500000000000014,1.4253068789607404,1,1,1
2025-11-19,30,6,12,2,4,10.0,0,-2,de_escalation,63.78,60.27,10.289999961853027,7141500.0,63.78,60.27,10.289999961853027,-1.6651248843663202,-2.01593236872053,-4.4568289276592505,3.509999999999998,1.5938382524155112,1,2,1
2025-11-20,13,0,0,0,1,0.0,6,-1,de_escalation,63.64,60.07,10.350000381469728,6608100.0,63.64,60.07,10.350000381469728,-0.21950454687990062,-0.3318400530944121,0.5830944590780707,3.5700000000000003,1.6007671276178304,1,3,0
2025-11-21,3,1,2,1,0,13.0,0,1,escalation,62.78,58.86,10.329999923706056,4848900.0,62.78,58.86,10.329999923706056,-1.3513513513513487,-2.0143166305976345,-0.1932411306909687,3.9200000000000017,1.7248097175971846,1,4,1
2025-11-22,9,6,10,4,1,6.0,2,3,escalation,,,,,62.78,58.86,10.329999923706056,0.0,0.0,0.0,,1.7199044274502635,0,5,1
2025-11-23,11,2,4,2,0,9.0,2,2,escalation,,,,,62.78,58.86,10.329999923706056,0.0,0.0,0.0,,0.7988521885129672,0,6,1
2025-11-24,9,4,8,2,2,0.0,6,0,neutral,64.83,59.11,10.59000015258789,3987000.0,64.83,59.11,10.59000015258789,3.2653711373048733,0.42473666326876547,2.516943182982656,5.719999999999999,1.729357178704938,1,0,1
2025-11-25,16,4,7,1,2,14.0,0,-1,de_escalation,63.99,58.25,10.739999771118164,3057700.0,63.99,58.25,10.739999771118164,-1.2956964368347923,-1.45491456606327,1.4164269723227374,5.740000000000002,1.8769099367548316,1,1,1
2025-11-26,17,5,8,2,0,7.0,8,2,escalation,64.81,58.81,11.06999969482422,3837600.0,64.81,58.81,11.06999969482422,1.2814502265979133,0.9613733905579513,3.072625053433309,6.0,1.7226164652743614,1,2,1
2025-11-27,7,2,4,2,0,10.0,0,2,escalation,64.18,,,,64.18,58.81,11.06999969482422,-0.972072211078534,0.0,0.0,,1.8634444404863026,1,3,1
2025-11-28,5,0,0,0,1,2.0,1,-1,de_escalation,64.07,58.58,11.539999961853027,4442600.0,64.07,58.58,11.539999961853027,-0.1713929573075923,-0.39108995068866115,4.245711652987261,5.489999999999995,1.8754630496033695,1,4,0
2025-11-29,13,2,4,1,1,6.0,4,0,neutral,,,,,64.07,58.58,11.539999961853027,0.0,0.0,0.0,,1.003392338744086,0,5,1
2025-11-30,10,1,1,0,1,9.0,3,-1,de_escalation,,,,,64.07,58.58,11.539999961853027,0.0,0.0,0.0,,0.808177987412987,0,6,1
2025-12-01,12,5,6,2,0,0.0,2,2,escalation,64.22,59.47,10.949999809265137,3716200.0,64.22,59.47,10.949999809265137,0.23411893241767068,1.5192898600204785,-5.112652985599764,4.75,0.4646852398420118,1,0,1
2025-12-02,13,3,5,0,1,5.0,7,-1,de_escalation,63.37,58.81,11.1899995803833,3411700.0,63.37,58.81,11.1899995803833,-1.323575210214889,-1.1098032621489784,2.191778769850683,4.559999999999995,0.6160540558046655,1,1,1
2025-12-03,7,0,0,0,0,1.0,2,0,neutral,63.75,59.09,11.510000228881836,4190700.0,63.75,59.09,11.510000228881836,0.5996528325706185,0.4761095051861952,2.8597020598599032,4.659999999999997,0.7277130355144369,1,2,0
2025-12-04,14,8,15,1,6,7.0,1,-5,de_escalation,64.15,59.82,11.789999961853027,4296000.0,64.15,59.82,11.789999961853027,0.6274509803921635,1.2354036215941777,2.4326648775261805,4.330000000000005,0.7993985075088286,1,3,1
2025-12-05,8,2,3,0,2,9.0,2,-2,de_escalation,64.42,60.23,11.359999656677246,5887400.0,64.42,60.23,11.359999656677246,0.4208885424785702,0.6853895018388512,-3.6471612092202066,4.190000000000005,0.8177248802623837,1,4,1
2025-12-06,19,6,8,5,1,7.0,2,4,escalation,,,,,64.42,60.23,11.359999656677246,0.0,0.0,0.0,,0.8156634504908826,0,5,1
2025-12-07,8,3,4,1,2,6.0,6,-1,de_escalation,,,,,64.42,60.23,11.359999656677246,0.0,0.0,0.0,,0.31114693348807654,0,6,1
2025-12-08,5,4,6,1,1,8.0,2,0,neutral,63.3,59.04,11.100000381469728,2914700.0,63.3,59.04,11.100000381469728,-1.738590499844772,-1.9757595882450518,-2.2887260833207357,4.259999999999998,0.9351804026353104,1,0,1
2025-12-09,5,4,8,3,0,2.0,2,3,escalation,62.62,58.4,11.300000190734863,2924000.0,62.62,58.4,11.300000190734863,-1.0742496050552885,-1.084010840108407,1.8018000215478613,4.219999999999999,0.8957636197551675,1,1,1
2025-12-10,4,1,3,0,0,11.0,0,0,neutral,63.12,58.67,11.300000190734863,2613500.0,63.12,58.67,11.300000190734863,0.7984669434685454,0.46232876712328785,0.0,4.449999999999996,1.000339786425691,1,2,1
2025-12-11,5,4,8,1,1,8.0,1,0,neutral,61.87,57.76,10.90999984741211,4346300.0,61.87,57.76,10.90999984741211,-1.980354879594426,-1.5510482358956912,-3.4513304136271072,4.109999999999999,1.1773374223969917,1,3,1
2025-12-12,1,1,4,0,0,10.0,0,0,neutral,62.11,57.61,10.649999618530272,3785900.0,62.11,57.61,10.649999618530272,0.3879101341522473,-0.2596952908587191,-2.383136870011149,4.5,1.2534663177132472,1,4,1
2025-12-13,10,3,3,1,0,0.0,2,1,escalation,,,,,62.11,57.61,10.649999618530272,0.0,0.0,0.0,,1.1364183501477438,0,5,1
2025-12-14,3,0,0,0,0,16.0,0,0,neutral,,,,,62.11,57.61,10.649999618530272,0.0,0.0,0.0,,1.0704845901644338,0,6,0
2025-12-15,1,1,1,0,1,9.0,1,-1,de_escalation,61.55,56.97,10.460000038146973,3914000.0,61.55,56.97,10.460000038146973,-0.9016261471582743,-1.1109182433605258,-1.7840336825243885,4.579999999999998,0.954087457611663,1,0,1
2025-12-16,14,6,8,3,1,10.0,0,2,escalation,59.93,55.44,10.729999542236328,3399800.0,59.93,55.44,10.729999542236328,-2.6320064987814695,-2.6856240126382325,2.5812571998535816,4.490000000000002,1.2157043397565894,1,1,1
2025-12-17,2,1,1,1,0,0.0,1,1,escalation,60.61,56.07,10.470000267028809,2929800.0,60.61,56.07,10.470000267028809,1.1346570999499317,1.1363636363636465,-2.4231061164922574,4.539999999999999,1.4032834638164433,1,2,1
2025-12-18,9,8,17,0,5,15.0,0,-5,de_escalation,60.69,56.22,14.859999656677246,100543400.0,60.69,56.22,14.859999656677246,0.13199142055766444,0.2675227394328461,41.929314973114494,4.469999999999999,1.4157518306047394,1,3,1
2025-12-19,12,2,6,1,1,0.0,1,0,neutral,61.35,56.8,16.09000015258789,69464300.0,61.35,56.8,16.09000015258789,1.0874938210578389,1.0316613304873767,8.277257902613421,4.550000000000004,1.5771540606145087,1,4,1
2025-12-20,5,2,3,0,1,0.0,1,-1,de_escalation,,,,,61.35,56.8,16.09000015258789,0.0,0.0,0.0,,1.5329324668801774,0,5,1
2025-12-21,1,0,0,0,0,20.0,0,0,neutral,,,,,61.35,56.8,16.09000015258789,0.0,0.0,0.0,,0.5871784327477326,0,6,0
2025-12-22,1,0,0,0,0,20.0,0,0,neutral,62.22,58.18,14.40999984741211,33268400.0,62.22,58.18,14.40999984741211,1.418092909535451,2.4295774647887347,-10.441269665902231,4.039999999999999,0.6744791222359531,1,0,0
2025-12-23,9,8,10,1,2,0.0,5,-1,de_escalation,63.7,58.55,14.149999618530272,15590700.0,63.7,58.55,14.149999618530272,2.3786563805850314,0.635957373667928,-1.8043041751213518,5.150000000000006,1.010008704664591,1,1,1
2025-12-24,10,3,3,2,0,0.0,4,2,escalation,63.7,58.72,14.3100004196167,12768100.0,63.7,58.72,14.3100004196167,0.0,0.29035012809564,1.1307477413419642,4.980000000000004,1.093838726980182,1,2,1
2025-12-25,7,1,3,1,0,0.0,172,1,escalation,,,,,63.7,58.72,14.3100004196167,0.0,0.0,0.0,,1.093838726980182,0,3,1
2025-12-26,12,3,3,2,0,7.0,9,2,escalation,,56.6,13.770000457763672,9176500.0,63.7,56.6,13.770000457763672,0.0,-3.610354223433243,-3.773584528430718,,1.093838726980182,0,4,1
2025-12-27,3,1,1,0,0,7.0,3,0,neutral,,,,,63.7,56.6,13.770000457763672,0.0,0.0,0.0,,1.0637674724203452,0,5,1
2025-12-28,2,1,2,0,2,9.0,1,-2,de_escalation,,,,,63.7,56.6,13.770000457763672,0.0,0.0,0.0,,0.0,0,6,1
2025-12-29,0,0,0,0,0,,0,0,no_posts,63.1,57.89,13.15999984741211,9183800.0,63.1,57.89,13.15999984741211,-0.9419152276295195,2.279151943462887,-4.429924401401442,5.210000000000001,0.4212372956043501,1,0,0
2025-12-30,13,4,4,2,0,16.0,0,2,escalation,62.3,57.79,12.56999969482422,8607200.0,62.3,57.79,12.56999969482422,-1.267828843106189,-0.17274140611505118,-4.483283886237366,4.509999999999998,0.6160358146694868,1,1,1
2025-12-31,16,2,4,0,0,8.0,4,0,neutral,61.35,57.26,13.239999771118164,25058200.0,61.35,57.26,13.239999771118164,-1.5248796147672494,-0.9171136874891905,5.330151889898782,4.090000000000003,0.7124551383282127,1,2,1
2026-01-01,3,0,0,1,0,16.0,0,1,escalation,,,,,61.35,57.26,13.239999771118164,0.0,0.0,0.0,,0.7124551383282127,0,3,0
2026-01-02,9,4,5,0,1,2.0,9,-1,de_escalation,61.98,57.21,13.770000457763672,14038800.0,61.98,57.21,13.770000457763672,1.0268948655256738,-0.08732099196646637,4.003026403381482,4.769999999999996,1.0497626045112423,1,4,1
2026-01-03,5,2,2,1,0,4.0,1,1,escalation,,,,,61.98,57.21,13.770000457763672,0.0,0.0,0.0,,1.0444545647374557,0,5,1
2026-01-04,0,0,0,0,0,9.0,1,0,neutral,,,,,61.98,57.21,13.770000457763672,0.0,0.0,0.0,,0.9124380995826838,0,6,0
2026-01-05,6,2,6,1,1,0.0,133,0,neutral,63.0,58.1,14.390000343322754,10694000.0,63.0,58.1,14.390000343322754,1.645692158760892,1.555672085299764,4.502540776674557,4.899999999999999,0.7639161383576516,1,0,1
2026-01-06,14,8,18,1,4,8.0,3,-3,de_escalation,62.1,56.97,14.31999969482422,6926400.0,62.1,56.97,14.31999969482422,-1.4285714285714235,-1.9449225473321952,-0.4864534178486979,5.130000000000003,1.17197665423678,1,1,1
2026-01-07,11,8,16,4,1,9.0,2,3,escalation,61.08,56.01,13.619999885559082,5810100.0,61.08,56.01,13.619999885559082,-1.6425120772946888,-1.6850974196945812,-4.888266928651852,5.07,1.3267080343387614,1,2,1
2026-01-08,10,5,7,4,1,7.0,2,3,escalation,63.34,57.74,14.0,5777000.0,63.34,57.74,14.0,3.7000654878847516,3.088734154615258,2.79001554797238,5.600000000000001,2.2417973290022326,1,3,1
2026-01-09,12,7,14,1,3,0.0,4,-2,de_escalation,65.11,58.96,14.40999984741211,4887800.0,65.11,58.96,14.40999984741211,2.794442690243115,2.112919986144779,2.928570338657921,6.149999999999999,2.439629603360629,1,4,1
2026-01-10,14,3,4,0,1,10.0,0,-1,de_escalation,,,,,65.11,58.96,14.40999984741211,0.0,0.0,0.0,,2.444079045210506,0,5,1
2026-01-11,11,1,4,0,0,6.0,8,0,neutral,,,,,65.11,58.96,14.40999984741211,0.0,0.0,0.0,,2.2073098590392686,0,6,1
2026-01-12,7,2,3,1,1,7.0,2,0,neutral,65.4,59.39,13.920000076293944,5195800.0,65.4,59.39,13.920000076293944,0.4454000921517487,0.7293080054274093,-3.4004148251685407,6.010000000000005,1.736757787214346,1,0,1
2026-01-13,10,5,6,1,3,0.0,8,-2,de_escalation,67.58,60.85,13.989999771118164,4625600.0,67.58,60.85,13.989999771118164,3.3333333333333215,2.4583263175618875,0.5028713681074715,6.729999999999997,1.618415386464263,1,1,1
2026-01-14,6,4,6,2,0,6.0,6,2,escalation,68.87,61.84,13.979999542236328,3601200.0,68.87,61.84,13.979999542236328,1.9088487718259994,1.626951520131481,-0.07148126551425049,7.030000000000001,1.4563205121699223,1,2,1
2026-01-15,8,6,10,2,3,6.0,3,-1,de_escalation,66.16,59.13,13.65999984741211,3465800.0,66.16,59.13,13.65999984741211,-3.9349499056192894,-4.3822768434670145,-2.288982155238539,7.029999999999994,2.7305074050741247,1,3,1
2026-01-16,5,1,1,1,0,11.0,0,1,escalation,66.97,59.4,13.869999885559082,3687600.0,66.97,59.4,13.869999885559082,1.2243047158403852,0.45662100456620447,1.5373355819382262,7.57,2.7460661861333917,1,4,1
2026-01-17,10,6,19,1,6,10.0,0,-5,de_escalation,,,,,66.97,59.4,13.869999885559082,0.0,0.0,0.0,,2.759340125418944,0,5,1
2026-01-18,11,4,5,2,1,6.0,4,1,escalation,,,,,66.97,59.4,13.869999885559082,0.0,0.0,0.0,,2.263729275526086,0,6,1
2026-01-19,8,0,0,0,0,8.0,1,0,neutral,66.91,,,,66.91,59.4,13.869999885559082,-0.08959235478572802,0.0,0.0,,1.9635754076301992,1,0,0
2026-01-20,16,2,4,0,2,0.0,11,-2,de_escalation,67.68,60.3,13.90999984741211,9273100.0,67.68,60.3,13.90999984741211,1.1507995815274397,1.5151515151515138,0.2883919407574931,7.38000000000001,0.6683142105648519,1,1,1
2026-01-21,3,1,2,0,1,10.0,0,-1,de_escalation,66.72,60.38,14.130000114440918,6553700.0,66.72,60.38,14.130000114440918,-1.4184397163120699,0.1326699834162559,1.5815979111584166,6.339999999999996,0.9108807119170835,1,2,1
2026-01-22,31,16,27,8,10,10.0,0,-2,de_escalation,65.46,59.24,14.789999961853027,5259800.0,65.46,59.24,14.789999961853027,-1.888489208633104,-1.8880423981450845,4.670911833451341,6.219999999999992,1.2147094300344565,1,3,1
2026-01-23,44,36,75,2,27,0.0,124,-25,de_escalation,68.16,60.7,14.529999732971191,5996200.0,68.16,60.7,14.529999732971191,4.124656278643446,2.464550979068192,-1.7579461092118942,7.459999999999994,2.4092239192452136,1,4,1
2026-01-24,9,5,9,3,1,8.0,1,2,escalation,,,,,68.16,60.7,14.529999732971191,0.0,0.0,0.0,,2.4052272322376234,0,5,1
2026-01-25,10,6,7,1,1,1.0,1,0,neutral,,,,,68.16,60.7,14.529999732971191,0.0,0.0,0.0,,2.369462836377195,0,6,1
2026-01-26,17,7,16,1,7,8.0,3,-6,de_escalation,67.7,60.46,14.039999961853027,4555100.0,67.7,60.46,14.039999961853027,-0.6748826291079757,-0.39538714991763646,-3.372331590662503,7.240000000000002,2.266446869555262,1,0,1
2026-01-27,14,10,23,0,5,12.0,0,-5,de_escalation,70.28,62.04,14.079999923706056,2625100.0,70.28,62.04,14.079999923706056,3.8109305760708923,2.6132980482963974,0.28490001397230014,8.240000000000002,2.3155929405504803,1,1,1
2026-01-28,12,1,5,0,2,7.0,4,-2,de_escalation,70.9,62.75,13.609999656677246,3371300.0,70.9,62.75,13.609999656677246,0.8821855435401371,1.1444229529335992,-3.3380700964173005,8.150000000000006,1.7697224129150049,1,2,1
2026-01-29,8,2,4,2,2,5.0,45,0,neutral,71.0,64.77,13.539999961853027,3777200.0,71.0,64.77,13.539999961853027,0.14104372355430161,3.2191235059760848,-0.5143254709038536,6.230000000000004,1.754771045978194,1,3,1
2026-01-30,11,2,2,1,1,1.0,9,0,neutral,72.25,64.5,12.779999732971191,5991500.0,72.25,64.5,12.779999732971191,1.760563380281699,-0.41685965724872487,-5.613000229121312,7.75,1.7224607373900407,1,4,1
2026-01-31,5,2,4,1,0,8.0,1,1,escalation,,,,,72.25,64.5,12.779999732971191,0.0,0.0,0.0,,1.5590738483176378,0,5,1
2026-02-01,14,2,3,0,2,1.0,5,-2,de_escalation,,,,,72.25,64.5,12.779999732971191,0.0,0.0,0.0,,0.7661311539901438,0,6,1
2026-02-02,18,11,17,3,4,0.0,10,-1,de_escalation,67.72,61.6,12.31999969482422,4361400.0,67.72,61.6,12.31999969482422,-6.269896193771629,-4.496124031007753,-3.5993743956051483,6.119999999999997,3.107035770391322,1,0,1
2026-02-03,9,5,7,2,3,0.0,5,-1,de_escalation,70.01,62.62,12.1899995803833,3500400.0,70.01,62.62,12.1899995803833,3.381571175428233,1.655844155844144,-1.0551957602363715,7.390000000000008,3.660322255235569,1,1,1
2026-02-04,24,17,51,0,16,10.0,0,-16,de_escalation,71.15,64.56,12.454999923706056,3464900.0,71.15,64.56,12.454999923706056,1.6283388087416029,3.0980517406579366,2.1739159347405224,6.590000000000003,3.6428215754252804,1,2,1
2026-02-05,10,8,19,0,2,1.0,24,-2,de_escalation,69.87,62.9,10.895000457763672,6130000.0,69.87,62.9,10.895000457763672,-1.7990161630358381,-2.571251548946718,-12.525086113996519,6.970000000000006,3.7001036885105223,1,3,1
2026-02-06,21,2,2,2,0,0.0,16,2,escalation,70.45,63.77,11.454999923706056,3760700.0,70.45,63.77,11.454999923706056,0.8301130671246604,1.3831478537360997,5.13996734661295,6.68,3.7526679350510856,1,4,1
2026-02-07,6,2,2,1,1,9.0,1,0,neutral,,,,,70.45,63.77,11.454999923706056,0.0,0.0,0.0,,1.9200332298833782,0,5,1
2026-02-08,9,3,4,0,0,10.0,0,0,neutral,,,,,70.45,63.77,11.454999923706056,0.0,0.0,0.0,,1.2737801069315355,0,6,1
2026-02-09,1,1,3,0,1,14.0,0,-1,de_escalation,71.19,64.53,11.270000457763672,2871900.0,71.19,64.53,11.270000457763672,1.050390347764374,1.191782970048605,-1.615010625705282,6.659999999999997,1.1211086819872675,1,0,1
2026-02-10,11,8,18,0,8,2.0,19,-8,de_escalation,71.01,64.2,11.25,3248700.0,71.01,64.2,11.25,-0.25284450063209896,-0.5113900511390046,-0.17746634384467885,6.810000000000002,0.5758652663938687,1,1,1
2026-02-11,9,4,8,1,2,1.0,56,-1,de_escalation,71.52,64.8,11.0600004196167,2746100.0,71.52,64.8,11.0600004196167,0.7182087029995676,0.9345794392523255,-1.6888851589626719,6.719999999999999,0.5530758523908976,1,2,1
2026-02-12,11,2,3,0,1,7.0,2,-1,de_escalation,69.8,63.08,10.890000343322754,3787000.0,69.8,63.08,10.890000343322754,-2.4049217002237167,-2.654320987654324,-1.537071155914449,6.719999999999999,1.3517210053564288,1,3,1
2026-02-13,9,6,6,1,1,10.0,0,0,neutral,69.96,63.05,10.979999542236328,2804500.0,69.96,63.05,10.979999542236328,0.22922636103150928,-0.047558655675339345,0.8264388987715421,6.909999999999997,1.3630996574926486,1,4,1
2026-02-14,1,1,4,0,1,10.0,0,-1,de_escalation,,,,,69.96,63.05,10.979999542236328,0.0,0.0,0.0,,1.2073628982046392,0,5,1
2026-02-15,1,1,2,0,0,10.0,0,0,neutral,,,,,69.96,63.05,10.979999542236328,0.0,0.0,0.0,,1.217288317421857,0,6,1
2026-02-16,49,48,115,2,35,9.0,1,-33,de_escalation,70.81,,,,70.81,63.05,10.979999542236328,1.2149799885649015,0.0,0.0,,1.334894629214758,1,0,1
2026-02-17,8,1,7,0,0,8.0,1,0,neutral,69.77,62.53,9.90999984741211,6951300.0,69.77,62.53,9.90999984741211,-1.4687191074707062,-0.8247422680412342,-9.744988519428377,7.239999999999995,0.9599136339789524,1,1,1
2026-02-18,8,3,5,0,0,6.0,15,0,neutral,71.78,65.33,10.479999542236328,4606200.0,71.78,65.33,10.479999542236328,2.8808943672065324,4.477850631696789,5.751762902126267,6.450000000000003,1.6242287096134431,1,2,1
2026-02-19,8,3,3,1,0,7.0,1,1,escalation,73.17,66.66,10.56999969482422,2343400.0,73.17,66.66,10.56999969482422,1.9364725550292672,2.0358181539874565,0.8587801194568367,6.510000000000005,1.6968684948443475,1,3,1
2026-02-20,8,5,9,2,0,7.0,1,2,escalation,72.75,66.69,10.109999656677246,3149600.0,72.75,66.69,10.109999656677246,-0.5740057400574039,0.04500450045004101,-4.351939937824422,6.060000000000002,1.7908696385216845,1,4,1
2026-02-21,12,6,11,0,5,9.0,1,-5,de_escalation,,,,,72.75,66.69,10.109999656677246,0.0,0.0,0.0,,1.8025238548424702,0,5,1
2026-02-22,6,0,0,0,0,11.0,0,0,neutral,,,,,72.75,66.69,10.109999656677246,0.0,0.0,0.0,,1.4813623861600376,0,6,0
2026-02-23,12,6,19,1,1,5.0,22,0,neutral,71.9,66.36,9.960000038146973,3109500.0,71.9,66.36,9.960000038146973,-1.1683848797250818,-0.49482681061627787,-1.4836758024141417,5.540000000000006,1.165868583251642,1,0,1
2026-02-24,1,0,0,0,0,8.0,1,0,neutral,71.21,65.62,10.630000114440918,3171500.0,71.21,65.62,10.630000114440918,-0.9596662030598169,-1.1151295961422503,6.726908370761375,5.589999999999989,0.537434373507717,1,1,0
2026-02-25,10,6,13,0,4,12.0,0,-4,de_escalation,70.69,65.3,10.890000343322754,2698600.0,70.69,65.3,10.890000343322754,-0.7302345176239289,-0.4876562023773401,2.445909934926749,5.390000000000001,0.5443724792120671,1,2,1
2026-02-26,2,0,0,0,1,8.0,3,-1,de_escalation,71.66,65.1,10.960000038146973,2409000.0,71.66,65.1,10.960000038146973,1.3721884283491192,-0.3062787136294043,0.6427887292688617,6.560000000000002,1.0320524479319493,1,3,0
2026-02-27,72,38,86,3,25,1.0,7,-22,de_escalation,71.32,66.96,10.710000038146973,2823800.0,71.32,66.96,10.710000038146973,-0.4744627407200719,2.857142857142847,-2.281021889870982,4.359999999999999,1.0196300603775221,1,4,1
2026-02-28,5,3,10,3,0,2.0,4,3,escalation,,,,,71.32,66.96,10.710000038146973,0.0,0.0,0.0,,0.9269181990138685,0,5,1
2026-03-01,12,6,9,4,1,0.0,11,3,escalation,,,,,71.32,66.96,10.710000038146973,0.0,0.0,0.0,,0.8117339107660704,0,6,1
2026-03-02,14,8,15,6,1,12.0,0,5,escalation,77.24,71.13,11.079999923706056,5605100.0,77.24,71.13,11.079999923706056,8.300616937745374,6.227598566308257,3.4547141385734337,6.109999999999999,3.677171335131673,1,0,1
2026-03-03,13,7,20,3,0,0.0,15,3,escalation,83.28,74.48,10.640000343322754,3448300.0,83.28,74.48,10.640000343322754,7.819782496116012,4.7096864895262325,-3.971115373763745,8.799999999999997,4.508749486413118,1,1,1
2026-03-04,11,5,6,0,1,5.0,10,-1,de_escalation,81.56,74.58,10.949999809265137,3217600.0,81.56,74.58,10.949999809265137,-2.065321805955811,0.13426423200859627,2.9135287212366245,6.980000000000004,4.868412281499328,1,2,1
2026-03-05,18,5,6,2,1,9.0,2,1,escalation,88.59,80.88,10.739999771118164,2503100.0,88.59,80.88,10.739999771118164,8.619421284943595,8.44730490748189,-1.9178086009580153,7.710000000000008,5.14253432398568,1,3,1
2026-03-06,28,9,13,4,2,8.0,9,2,escalation,95.74,90.77,10.18000030517578,3076500.0,95.74,90.77,10.18000030517578,8.0708883621176,12.227992087042526,-5.214147838702255,4.969999999999999,4.601431529955397,1,4,1
2026-03-07,5,2,4,2,0,5.0,3,2,escalation,,,,,95.74,90.77,10.18000030517578,0.0,0.0,0.0,,5.101339814002304,0,5,1
2026-03-08,5,2,6,0,0,0.0,3,0,neutral,,,,,95.74,90.77,10.18000030517578,0.0,0.0,0.0,,5.0229762724097275,0,6,1
2026-03-09,11,6,13,4,0,9.0,4,4,escalation,94.35,94.65,10.270000457763672,3106200.0,94.35,94.65,10.270000457763672,-1.4518487570503447,4.274540046270814,0.8840879164034421,-0.30000000000001137,4.875945779927586,1,0,1
2026-03-10,13,5,21,1,1,14.0,0,0,neutral,89.84,83.71,10.270000457763672,3057700.0,89.84,83.71,10.270000457763672,-4.7800741918388905,-11.558372952984698,0.0,6.13000000000001,4.728103591514998,1,1,1
2026-03-11,14,6,13,1,3,7.0,2,-2,de_escalation,90.98,86.8,10.369999885559082,3422700.0,90.98,86.8,10.369999885559082,1.2689225289403305,3.6913152550472006,0.9737042194561507,4.180000000000007,2.325987093880925,1,2,1
2026-03-12,6,5,7,3,0,6.0,2,3,escalation,102.38,95.61,9.9399995803833,3174200.0,102.38,95.61,9.9399995803833,12.530226423389745,10.149769585253466,-4.146579652084526,6.769999999999996,6.559747152544628,1,3,1
2026-03-13,26,17,58,7,10,0.0,6,-3,de_escalation,103.23,98.48,9.800000190734863,4120400.0,103.23,98.48,9.800000190734863,0.8302402813049614,3.001778056688642,-1.4084446233250114,4.75,6.522260413819593,1,4,1
2026-03-14,5,5,19,2,2,8.0,2,0,neutral,,,,,103.23,98.48,9.800000190734863,0.0,0.0,0.0,,6.378740970041464,0,5,1
2026-03-15,4,4,13,1,1,19.0,0,0,neutral,,,,,103.23,98.48,9.800000190734863,0.0,0.0,0.0,,5.396809975826665,0,6,1
2026-03-16,13,3,5,2,1,7.0,5,1,escalation,101.04,93.39,9.760000228881836,3414600.0,101.04,93.39,9.760000228881836,-2.121476315024695,-5.168562144597888,-0.40816286810733127,7.650000000000006,5.85093056499365,1,0,1
2026-03-17,4,2,5,0,0,5.0,2,0,neutral,,,9.800000190734863,2846400.0,101.04,93.39,9.800000190734863,0.0,0.0,0.40983566511259006,,1.1018736974985814,0,1,1
2026-03-18,12,8,17,1,0,5.0,16,1,escalation,,,9.130000114440918,5034500.0,101.04,93.39,9.130000114440918,0.0,0.0,-6.836735339325584,,0.9487530506101867,0,2,1
2026-03-19,15,6,7,1,1,8.0,2,0,neutral,,,8.65999984741211,6091800.0,101.04,93.39,8.65999984741211,0.0,0.0,-5.147867044222809,,0.9487530506101867,0,3,1
2026-03-20,6,3,17,1,1,9.0,4,0,neutral,,,8.579999923706055,5962800.0,101.04,93.39,8.579999923706055,0.0,0.0,-0.9237866641529036,,0.9487530506101867,0,4,1
2026-03-21,11,6,14,4,2,11.0,0,2,escalation,,,,,101.04,93.39,8.579999923706055,0.0,0.0,0.0,,0.0,0,5,1
2026-03-22,12,3,3,0,3,8.0,11,-3,de_escalation,,,,,101.04,93.39,8.579999923706055,0.0,0.0,0.0,,0.0,0,6,1
2026-03-23,11,7,22,1,6,7.0,5,-5,de_escalation,,,9.050000190734863,4619100.0,101.04,93.39,9.050000190734863,0.0,0.0,5.477858638788846,,0.0,0,0,1
2026-03-24,1,0,0,0,0,0.0,4,0,neutral,,,8.787699699401855,551728.0,101.04,93.39,8.787699699401855,0.0,0.0,-2.898347909445831,,0.0,0,1,0
